945,E-MU SP-12,ki,/Users/jshier/Development/School/jcura/audio/drum_machines/E-MU SP-12/kit_01/kick/16.wav,-760.930481,85.13747406,21.77508545,47.37494278,39.9731369,20.06104851,15.5954504,11.41230774,6.396727085,6.751358032,1.330280304,1.340453506,2.605546236,0.014746322,-22.38748186,-1.94460094,0.530598164,1337.054321,9.333333015,13.05108356,-5.87E-08,0.225315467,0.000768249,0.199394941,0.008333775,0.015271141,0.20144026,0.531684816,5.821218491,0.011961813,222.5097656,2.098672628,14780328,0.314112157,0.002604167
946,E-MU SP-12,ki,/Users/jshier/Development/School/jcura/audio/drum_machines/E-MU SP-12/kit_01/kick/17.wav,-664.7240601,114.6810913,29.89705467,56.60271072,15.17634583,16.33212852,13.23250198,10.27627754,6.666039944,2.400300026,0.964482009,2.097370148,-2.529612303,0.014274466,-17.69107697,-1.904866219,0.553767264,1294.296509,17.33333397,12.11815643,-1.54E-07,0.592966378,0.010499384,0.534539044,0.013219994,0.035820104,0.183354363,0.821271658,2.588099718,0.019335387,215.3320313,1.787884593,26169256,0.777609527,0.006347656
947,E-MU SP-12,ki,/Users/jshier/Development/School/jcura/audio/drum_machines/E-MU SP-12/kit_01/kick/31.wav,-672.0266113,105.8547897,59.40283203,34.75368881,16.72291756,17.65200996,11.89415264,5.939195156,3.04267621,1.735978723,-1.344743133,-1.324241042,0.99215889,0.015654851,-18.30889947,-1.686831355,0.701710939,589.4272461,15.66666698,8.488354683,-1.22E-07,0.474351913,0.011112305,0.365146279,0.004553459,0.093682162,0.168727204,0.683813393,2.410686731,0.01762631,229.6875,1.621947646,23750874,0,0.008463542
955,E-MU SP-12,ki,/Users/jshier/Development/School/jcura/audio/drum_machines/E-MU SP-12/kit_02/kick/Bassdrum-01.wav,-651.6062622,76.10645294,19.8634758,38.86617661,7.758259296,24.95383263,4.254461765,11.65877533,5.800270557,5.859587193,-0.175439835,-0.224002197,-3.830593109,0.015465748,-17.46654031,-1.873586655,0.647799075,2252.805908,31.33333397,9.427195549,-4.11E-08,0.172229424,0.022662444,0.120554961,0.016676776,0.021690175,0.098566003,0.441064835,5.044936657,0.010625253,1945.166016,1.588460445,13378376,0.488654494,0.030436197
956,E-MU SP-12,ki,/Users/jshier/Development/School/jcura/audio/drum_machines/E-MU SP-12/kit_02/kick/Bassdrum-02.wav,-661.1026001,113.6365967,-19.00076866,42.41082382,-5.871099949,12.92025757,-8.555171013,7.434158325,1.99649179,6.506456375,-1.873171449,-1.512637496,3.178272247,0.014904586,-15.17327111,-1.868464231,0.726853132,2032.470093,27.66666603,7.262925625,-5.18E-08,0.213844195,0.009918096,0.104334861,0.06205675,0.037256245,0.089403309,0.537067115,11.47033787,0.011787858,1672.412109,2.751267433,12271965,0.220598862,0.022786459
957,E-MU SP-12,ki,/Users/jshier/Development/School/jcura/audio/drum_machines/E-MU SP-12/kit_02/kick/Bassdrum-03.wav,-630.2186279,112.8478622,5.660013199,33.58705521,4.098600864,17.29265404,5.994564533,9.670619965,-3.032664537,3.994999647,5.911257267,-1.893010497,-7.300304413,0.015259248,-14.47884731,-1.65012145,0.686079979,1771.078125,27.33333397,6.748369694,-7.95E-08,0.320516407,0.013499414,0.172820166,0.048138227,0.14539741,0.113780133,0.650126755,5.638445377,0.014281007,1277.636719,2.152780056,18556508,0.89364481,0.025390625
958,E-MU SP-12,ki,/Users/jshier/Development/School/jcura/audio/drum_machines/E-MU SP-12/kit_02/kick/Bassdrum-04.wav,-622.9977417,120.5448608,-29.80064201,50.949646,-7.89933157,-6.622098923,-8.137217522,6.690204144,-3.622896194,-14.48754501,-8.141249657,-8.528972626,-6.363473415,0.015491765,-11.99626741,-1.634987712,0.848902047,1994.793457,28.33333397,6.6480546,-8.21E-08,0.339555651,0.007691105,0.033695258,0.11339847,0.200970665,0.082500011,0.592455626,7.799993038,0.014895958,2612.695313,2.494476557,16457552,0.596632659,0.025878906
959,E-MU SP-12,ki,/Users/jshier/Development/School/jcura/audio/drum_machines/E-MU SP-12/kit_02/kick/Bassdrum-05.wav,-667.5861206,103.9663467,18.35177803,44.01412964,9.16727066,19.80400658,5.345893383,2.377822876,1.438364029,4.224912167,-1.168289185,0.298519135,-3.087105751,0.015377168,-15.81077034,-1.805589557,0.625962436,924.5304565,28,10.37948132,-8.96E-08,0.348868519,0.007930006,0.288603574,0.012465094,0.109697461,0.129686415,0.546895266,5.704854488,0.015091359,437.8417969,2.050967216,18969890,1.035745859,0.006510417
960,E-MU SP-12,ki,/Users/jshier/Development/School/jcura/audio/drum_machines/E-MU SP-12/kit_02/kick/Bassdrum-06.wav,-695.354248,90.90584564,26.42351341,53.2963829,4.603984356,30.15676308,4.743231297,11.35486603,-7.73937273,11.26464748,-10.21747494,-2.303497314,-0.480633408,0.014946028,-20.80354743,-1.319950342,0.611799419,1959.816772,19.33333397,11.21069431,-4.51E-08,0.176441118,0.006203035,0.135762766,0.005751565,0.02795223,0.142192006,0.474849313,6.683165073,0.010734561,301.4648438,2.10441637,13455837,0.456326246,0.005696615
961,E-MU SP-12,ki,/Users/jshier/Development/School/jcura/audio/drum_machines/E-MU SP-12/kit_02/kick/Bassdrum-07.wav,-697.5598755,129.6190643,30.37888145,47.8334198,15.4616518,17.39727402,13.81210995,10.80391979,5.033331394,4.864458561,3.254803419,-2.693021774,2.206288576,0.015181884,-20.91890806,-1.903286934,0.516367972,561.2296753,21.66666603,13.22920895,-1.20E-07,0.456042677,0.001097731,0.429817468,0.003208374,0.030736849,0.19686389,0.691869557,4.946942806,0.017192977,193.7988281,2.093586206,20185952,0.719502151,0.001302083
962,E-MU SP-12,ki,/Users/jshier/Development/School/jcura/audio/drum_machines/E-MU SP-12/kit_02/kick/Bassdrum-08.wav,-717.0526733,116.5650406,20.38544273,54.92761612,17.85772896,12.82422352,11.1474123,14.45419025,2.18936801,4.962216854,7.267784595,2.280444384,1.894046187,0.015019703,-21.48934891,-1.863401651,0.544422269,1303.164673,18,13.15146351,-1.10E-07,0.418255091,0.001064272,0.386607885,0.003943969,0.018529342,0.190377966,0.680829942,5.906223297,0.016309327,401.953125,1.983090401,18810950,0.546672106,0.002604167
963,E-MU SP-12,ki,/Users/jshier/Development/School/jcura/audio/drum_machines/E-MU SP-12/kit_02/kick/Bassdrum-09.wav,-728.619812,120.4550705,17.16929245,47.52612305,9.841833115,16.75045013,10.3730793,11.46992493,8.93512249,3.185730696,-3.448190689,-5.552582264,-6.316259384,0.015181528,-18.36065846,-1.690678954,0.586008966,553.4252319,17,10.41038609,-6.75E-08,0.26011911,0.001911459,0.217014551,0.008334222,0.056932081,0.169308499,0.514900744,8.131054878,0.013013129,373.2421875,2.607255936,16191291,0.600394368,0.005045573
964,E-MU SP-12,ki,/Users/jshier/Development/School/jcura/audio/drum_machines/E-MU SP-12/kit_02/kick/Bassdrum-10.wav,-795.2650757,108.9425125,15.60505962,43.78247452,10.52941608,19.60902405,8.896689415,9.289067268,4.104875088,7.099047184,6.202759266,5.813464642,1.361383438,0.01478663,-21.21891234,-1.90171349,0.569671452,331.0729675,10.33333302,12.36622715,-8.40E-08,0.320568413,0.000362174,0.291182369,0.001876765,0.032989755,0.20970434,0.608741462,6.778649807,0.013949297,811.0839844,2.397755623,19829126,0.60662508,0.005045573
965,E-MU SP-12,ki,/Users/jshier/Development/School/jcura/audio/drum_machines/E-MU SP-12/kit_02/kick/Bassdrum-11.wav,-667.4050903,117.6870193,21.68792152,51.28434372,10.98126698,19.51452637,4.135769367,8.85857296,-7.731128693,-5.309715748,-4.672490597,-1.011166215,-4.62794733,0.015117975,-15.96209987,-1.881760001,0.572595716,908.5429077,27,10.9779892,-1.02E-07,0.393296748,0.003713201,0.294283301,0.008478829,0.144655183,0.16328904,0.721859872,8.652848244,0.016048642,251.2207031,2.458648443,11589463,1.041258216,0.007161458
966,E-MU SP-12,ki,/Users/jshier/Development/School/jcura/audio/drum_machines/E-MU SP-12/kit_02/kick/Bassdrum-12.wav,-697.1849976,129.0652466,30.67497826,47.56237793,15.50594044,18.06370354,13.66483974,9.953294754,6.433713913,4.482339382,3.359295607,-2.568064451,1.734486222,0.015196263,-20.92931992,-1.903286934,0.515457332,565.8915405,21.33333397,13.26760006,-1.20E-07,0.456013292,0.001112831,0.42981115,0.003159346,0.030566802,0.19689478,0.692415237,5.079761505,0.017192576,193.7988281,2.115787745,19795566,0.719324648,0.001302083
967,E-MU SP-12,ki,/Users/jshier/Development/School/jcura/audio/drum_machines/E-MU SP-12/kit_02/kick/Bassdrum-13.wav,-642.9550171,99.69008636,12.53607941,45.74562073,13.91710663,20.78114891,15.4380188,13.86703396,5.050220013,4.131025791,-5.000427723,-1.881546021,-2.744134903,0.013948187,-17.33801467,-2.229465246,0.644012153,1935.01062,28.66666603,9.84161377,-7.37E-08,0.295176119,0.021287262,0.229320168,0.02089701,0.032876343,0.126071855,0.62414521,4.342319489,0.013455604,1650.878906,2.042537689,20976894,0.430612326,0.016927084
968,E-MU SP-12,ki,/Users/jshier/Development/School/jcura/audio/drum_machines/E-MU SP-12/kit_02/kick/Bassdrum-14.wav,-657.8012085,117.5308914,4.549304962,28.21579933,3.331446409,17.52058601,14.89621353,11.32301807,-2.872342348,1.649012208,-4.761450291,-1.706315994,2.89043355,0.015504688,-16.86415352,-1.622835875,0.762416422,1424.505493,28.33333397,7.294965267,-6.40E-08,0.250598133,0.003531144,0.141892165,0.026160831,0.089721292,0.094930857,0.528525651,9.500989914,0.012785551,689.0625,2.684542894,12476832,0.489245683,0.01171875
990,E-MU SP-12,ki,/Users/jshier/Development/School/jcura/audio/drum_machines/E-MU SP-12/kit_03/kick/BDRUM1.WAV,-651.5536499,76.12592316,19.85082436,38.86631393,7.755064011,24.94977379,4.252348423,11.65419769,5.797494411,5.853546143,-0.179907486,-0.228308365,-3.831639051,0.015465776,-17.46631116,-1.873586655,0.647844374,2252.473633,31.33333397,9.428761482,-4.11E-08,0.172235489,0.022664182,0.120551355,0.016680321,0.021711469,0.09853673,0.441068977,5.038943768,0.010625493,1945.166016,1.587435603,13376632,0.488642097,0.030436197
991,E-MU SP-12,ki,/Users/jshier/Development/School/jcura/audio/drum_machines/E-MU SP-12/kit_03/kick/BDRUM10.WAV,-795.6199341,108.8709412,15.31718159,43.72356033,10.27657509,19.51798439,8.660511017,9.172570229,3.89562726,7.011469364,6.042649746,5.739209652,1.218983293,0.014786568,-21.22719974,-1.90171349,0.571528494,331.1164551,10.33333302,12.33209896,-8.39E-08,0.320106566,0.000360443,0.290750951,0.001868294,0.032880619,0.209603027,0.608416259,6.776690006,0.013941488,832.6171875,2.397502899,19832072,0.606124699,0.005696615
992,E-MU SP-12,ki,/Users/jshier/Development/School/jcura/audio/drum_machines/E-MU SP-12/kit_03/kick/BDRUM11.WAV,-667.4572754,117.6611099,21.7035923,51.26140976,10.96891022,19.48081398,4.128305912,8.855620384,-7.717275143,-5.317281246,-4.662214279,-1.011805892,-4.619480133,0.015117835,-15.95686027,-1.881760001,0.572212577,908.5249023,27,10.97521591,-1.02E-07,0.393543512,0.003715197,0.294625193,0.008481211,0.14468129,0.163361385,0.72211498,8.653989792,0.016053483,251.2207031,2.458690643,11587583,1.041539907,0.007161458
993,E-MU SP-12,ki,/Users/jshier/Development/School/jcura/audio/drum_machines/E-MU SP-12/kit_03/kick/BDRUM12.WAV,-697.0289917,129.0881958,30.66316223,47.52540588,15.49054718,18.06149483,13.65629959,9.936360359,6.433673859,4.476308823,3.353449583,-2.57293582,1.732699037,0.015196109,-20.92916148,-1.903286934,0.515474319,565.8465576,21.66666603,13.26009369,-1.20E-07,0.456157804,0.001114927,0.4298338,0.003167794,0.030634418,0.196798921,0.692810953,5.081379414,0.017194821,193.7988281,2.11596179,19792166,0.719275951,0.001302083
994,E-MU SP-12,ki,/Users/jshier/Development/School/jcura/audio/drum_machines/E-MU SP-12/kit_03/kick/BDRUM13.WAV,-642.9500122,99.68399811,12.53833008,45.74031067,13.91522694,20.77490807,15.4409132,13.86707783,5.044935703,4.127016544,-5.005494595,-1.885356307,-2.744918823,0.01394818,-17.34347604,-2.229465246,0.644253254,1934.693359,28.33333397,9.836937904,-7.36E-08,0.29498592,0.021262912,0.229128107,0.020878205,0.032879721,0.126061127,0.623933971,4.346179962,0.013450568,1650.878906,2.043195486,20967672,0.430339307,0.016276041
995,E-MU SP-12,ki,/Users/jshier/Development/School/jcura/audio/drum_machines/E-MU SP-12/kit_03/kick/BDRUM14.WAV,-657.8024292,117.5307617,4.548948765,28.21608925,3.331073761,17.52076912,14.89624023,11.32330322,-2.872670412,1.649047256,-4.76143074,-1.70603621,2.889975309,0.015504721,-16.86426087,-1.622835875,0.762416363,1424.50769,28.33333397,7.294949055,-6.40E-08,0.250590652,0.00353105,0.141887605,0.026160436,0.089718491,0.094930917,0.52851814,9.500946045,0.012785361,689.0625,2.68453598,12476808,0.489237994,0.01171875
996,E-MU SP-12,ki,/Users/jshier/Development/School/jcura/audio/drum_machines/E-MU SP-12/kit_03/kick/BDRUM2.WAV,-661.2045288,113.6671982,-18.94417763,42.48032761,-5.854430676,12.95141888,-8.538275719,7.462772369,2.010655642,6.516474247,-1.88101387,-1.512277603,3.186938047,0.014904609,-15.182402,-1.868464231,0.726860464,2032.471191,27.66666603,7.260715485,-5.18E-08,0.213697538,0.009898282,0.104314685,0.061923068,0.037184209,0.089529134,0.536920726,11.47136974,0.011783537,1665.234375,2.751327276,12271256,0.22049503,0.022786459
997,E-MU SP-12,ki,/Users/jshier/Development/School/jcura/audio/drum_machines/E-MU SP-12/kit_03/kick/BDRUM3.WAV,-630.2762451,112.8345718,5.650751114,33.59189987,4.107578278,17.29089165,5.991765499,9.672430992,-3.029577971,3.99907136,5.91157198,-1.888553619,-7.296796322,0.01525925,-14.48324354,-1.65056169,0.686068952,1771.075806,27.33333397,6.748271942,-7.94E-08,0.320195287,0.013485544,0.172663763,0.048089001,0.145230532,0.113778733,0.649781704,5.638702869,0.014274362,1277.636719,2.152787685,18556136,0.893230736,0.025390625
998,E-MU SP-12,ki,/Users/jshier/Development/School/jcura/audio/drum_machines/E-MU SP-12/kit_03/kick/BDRUM4.WAV,-622.9944458,120.576088,-29.79819679,50.97113037,-7.890377045,-6.597205639,-8.138504982,6.685049534,-3.648874283,-14.48534012,-8.128457069,-8.51551342,-6.365242004,0.015491732,-11.99637351,-1.634987712,0.848860741,1994.79187,28.33333397,6.645412445,-8.21E-08,0.339545965,0.007690137,0.03367373,0.113391303,0.20098196,0.082549684,0.592463493,7.799738407,0.014895789,2612.695313,2.494454384,16457813,0.596676946,0.025878906
999,E-MU SP-12,ki,/Users/jshier/Development/School/jcura/audio/drum_machines/E-MU SP-12/kit_03/kick/BDRUM5.WAV,-667.600647,103.9737244,18.35684013,44.01408005,9.174580574,19.80632973,5.352110386,2.381551027,1.44295752,4.226264477,-1.167840362,0.293619782,-3.089681625,0.015377266,-15.81556515,-1.805589557,0.625966012,924.5774536,28,10.37887478,-8.95E-08,0.348553807,0.007922751,0.288323194,0.012452669,0.109597951,0.129670843,0.546741068,5.705224991,0.015084636,437.8417969,2.050947428,18968898,1.035214901,0.006510417
1000,E-MU SP-12,ki,/Users/jshier/Development/School/jcura/audio/drum_machines/E-MU SP-12/kit_03/kick/BDRUM6.WAV,-695.4541016,90.875,26.42388344,53.2995491,4.593963623,30.16832542,4.738174915,11.35401917,-7.74261713,11.27044964,-10.2232275,-2.293923616,-0.476181656,0.014946046,-20.8082019,-1.320156097,0.611490428,1959.886108,19.33333397,11.21420574,-4.50E-08,0.176098898,0.006195997,0.135546505,0.005743152,0.02789701,0.142240778,0.474329144,6.683376789,0.01072425,301.4648438,2.104351997,13454349,0.456029505,0.005696615
1001,E-MU SP-12,ki,/Users/jshier/Development/School/jcura/audio/drum_machines/E-MU SP-12/kit_03/kick/BDRUM7.WAV,-697.4318237,129.6344452,30.37166786,47.80250931,15.44979382,17.39647102,13.80318832,10.79136372,5.031600952,4.861738682,3.248908281,-2.696880341,2.204837084,0.015181696,-20.91880375,-1.903286934,0.516380787,561.190979,21.66666603,13.22313213,-1.20E-07,0.456155896,0.001099369,0.429833055,0.003215247,0.030791996,0.196786508,0.692186177,4.948194981,0.017194727,193.7988281,2.09373188,20183598,0.719510078,0.001302083
1002,E-MU SP-12,ki,/Users/jshier/Development/School/jcura/audio/drum_machines/E-MU SP-12/kit_03/kick/BDRUM8.WAV,-716.9567871,116.5730972,20.41943359,54.93057632,17.87220573,12.80922222,11.14631271,14.43523502,2.20016408,4.967397213,7.266726017,2.273615599,1.88793242,0.01501991,-21.48974301,-1.863401651,0.544375658,1303.233398,18,13.15392303,-1.10E-07,0.417790622,0.001065817,0.386284977,0.003946476,0.018558439,0.190301195,0.680233419,5.906596661,0.0163015,401.953125,1.983192801,18809818,0.546660483,0.002604167
1003,E-MU SP-12,ki,/Users/jshier/Development/School/jcura/audio/drum_machines/E-MU SP-12/kit_03/kick/BDRUM9.WAV,-731.5129395,121.681633,14.43456745,49.32362366,9.028349876,16.75438881,9.290364265,11.38564587,8.621026039,4.042481899,-3.589554548,-4.678922176,-6.41509819,0.015184898,-18.35658058,-1.690678835,0.598100483,564.7611694,16,10.30770302,-6.82E-08,0.262602478,0.001762142,0.218924835,0.008470698,0.057097837,0.170682177,0.520570099,8.333363533,0.01307214,380.4199219,2.586667061,15779459,0.602310658,0.005045573
1548,Linn Linndrum,ki,/Users/jshier/Development/School/jcura/audio/drum_machines/Linn Linndrum/kit_01/kick/kick.wav,-697.5395508,133.6534882,14.73544598,52.48789597,23.51202202,17.24054718,13.68002319,5.366923809,2.33694911,5.587468624,2.70394516,-2.933776855,-3.901456118,0.015115432,-20.39810382,-1.874323249,0.568489969,717.409668,20.66666603,11.96317673,-8.82E-08,0.33752659,0.000892129,0.300906926,0.005531371,0.034760974,0.185264215,0.617276073,3.96514225,0.014719256,215.3320313,2.007393122,22964314,0.771566331,0.004394531
1549,Linn Linndrum,ki,/Users/jshier/Development/School/jcura/audio/drum_machines/Linn Linndrum/kit_01/kick/kickme.wav,-739.2312622,136.9633179,25.86878395,46.99927902,25.83281898,19.01141357,12.15578079,8.086579323,5.772386551,3.21071887,3.162171125,-1.815633178,-5.252407074,0.01616939,-23.25319038,-1.776382208,0.53166461,366.3446045,10.33333302,12.59661484,-6.81E-08,0.259530455,0.000269022,0.23609893,0.001510764,0.015607472,0.209044531,0.562754035,7.79518652,0.012506425,193.7988281,2.485787392,17461994,0.514195621,0.001953125
1553,Linn Linndrum,ki,/Users/jshier/Development/School/jcura/audio/drum_machines/Linn Linndrum/kit_02/kick/BDRUM13.wav,-662.9214478,48.70029831,45.82153702,37.31333542,12.01477432,26.61142921,8.258271217,12.10731888,4.407295227,0.998532593,4.120349407,-0.206065491,-4.832482815,0.015040888,-17.75528118,-1.904866219,0.670529664,2832.981689,27.66666603,8.91464901,-3.60E-08,0.171223059,0.049770698,0.100381136,0.012281678,0.01386287,0.104088448,0.465361238,4.182762623,0.010588801,2605.517578,1.606945634,13654803,0.416218847,0.044270832
1554,Linn Linndrum,ki,/Users/jshier/Development/School/jcura/audio/drum_machines/Linn Linndrum/kit_02/kick/Kick-Linn.wav,-697.5395508,133.6534882,14.73544598,52.48789597,23.51202202,17.24054718,13.68002319,5.366923809,2.33694911,5.587468624,2.70394516,-2.933776855,-3.901456118,0.015115432,-20.39810382,-1.874323249,0.568489969,717.409668,20.66666603,11.96317673,-8.82E-08,0.33752659,0.000892129,0.300906926,0.005531371,0.034760974,0.185264215,0.617276073,3.96514225,0.014719256,215.3320313,2.007393122,22964314,0.771566331,0.004394531
1555,Linn Linndrum,ki,/Users/jshier/Development/School/jcura/audio/drum_machines/Linn Linndrum/kit_02/kick/Kick-Linn2.wav,-739.2312622,136.9633179,25.86878395,46.99927902,25.83281898,19.01141357,12.15578079,8.086579323,5.772386551,3.21071887,3.162171125,-1.815633178,-5.252407074,0.01616939,-23.25319038,-1.776382208,0.53166461,366.3446045,10.33333302,12.59661484,-6.81E-08,0.259530455,0.000269022,0.23609893,0.001510764,0.015607472,0.209044531,0.562754035,7.79518652,0.012506425,193.7988281,2.485787392,17461994,0.514195621,0.001953125
1556,Linn Linndrum,ki,/Users/jshier/Development/School/jcura/audio/drum_machines/Linn Linndrum/kit_02/kick/KICK-Linn3.wav,-679.8021851,123.7175293,18.14442635,49.16064453,22.9480648,17.22472763,13.07157516,8.401927948,5.859083176,0.332607269,2.418003082,0.674744606,-6.592596531,0.014724584,-19.43844858,-1.916084886,0.540892661,954.5136719,21.33333397,11.93199253,-1.00E-07,0.384548545,0.002382696,0.350428462,0.008222467,0.037955355,0.171528995,0.643351793,3.957886934,0.015726155,222.5097656,2.020172358,22992314,0.82352376,0.005696615
1562,Linn Linndrum,ki,/Users/jshier/Development/School/jcura/audio/drum_machines/Linn Linndrum/kit_03/kick/Bassdrum.wav,-697.6134644,133.6504669,14.76797962,52.45285416,23.52701378,17.21138191,13.70537186,5.364715099,2.337203264,5.577992916,2.69905591,-2.931276321,-3.893164396,0.015115291,-20.39715876,-1.874323249,0.56769073,717.3222656,20.66666603,11.96869755,-8.81E-08,0.337168843,0.000891074,0.300747186,0.005527472,0.034742579,0.185291454,0.616955817,3.966351271,0.014711819,215.3320313,2.007612228,22961242,0.771260798,0.004394531
1705,Oberheim DMX,ki,/Users/jshier/Development/School/jcura/audio/drum_machines/Oberheim DMX/kit_01/kick/21KICK.WAV,-706.2337036,145.6030579,23.76456642,24.58190346,24.55257988,12.0858736,5.881605148,12.29324627,8.305117607,6.111552715,1.520272613,3.683441877,2.277527571,0.01415245,-22.60242254,-2.03698349,0.55989629,567.7409058,13.33333302,14.04328918,-9.87E-08,0.376648635,0.000414583,0.336246639,0.006727466,0.024462042,0.180392787,0.602171481,4.892009258,0.015691174,215.3320313,2.178083181,21153010,0.467600197,0.001302083
1707,Oberheim DMX,ki,/Users/jshier/Development/School/jcura/audio/drum_machines/Oberheim DMX/kit_02/kick/BASS DR1.wav,-713.6948853,121.5488052,27.68473244,35.96866226,14.03842926,11.82239246,7.011259556,7.490671635,3.168875933,3.291054964,0.619206727,2.795344591,0.637057602,0.014345632,-19.11228003,-2.023262262,0.620252609,607.6118164,16.66666603,11.71986866,-8.75E-08,0.335899353,0.0015647,0.286018223,0.007252114,0.057973832,0.161565557,0.64711237,5.522033691,0.014794797,437.8417969,2.069002867,16330275,0.671212375,0.002441406
1708,Oberheim DMX,ki,/Users/jshier/Development/School/jcura/audio/drum_machines/Oberheim DMX/kit_02/kick/BASS DR2.wav,-692.715271,140.9399567,10.62233925,32.19577408,22.61789703,17.17719078,9.112968445,15.73575497,2.201862335,4.546792507,-0.401583999,-3.223496199,-2.669850111,0.014251403,-21.1552607,-1.954242587,0.538312316,645.8077393,15.66666698,12.3794508,-7.13E-08,0.274155945,0.000555111,0.239215553,0.013108678,0.029997513,0.163610354,0.552322567,6.7869277,0.013406062,236.8652344,2.388148069,18739368,0.545984864,0.00374349
2481,Roland TR-808,ki,/Users/jshier/Development/School/jcura/audio/drum_machines/Roland TR-808/kit_01/kick/BD0000.WAV,-807.1144409,117.2258301,39.63918686,32.44446945,18.22076797,15.26966381,10.25110054,8.895468712,5.503478527,3.836647034,1.395654678,0.792156875,0.425790161,0.013725706,-26.89616873,-2.330571413,0.585677505,222.1463776,1.666666627,12.60810757,-1.83E-08,0.069973789,0.000190725,0.056259051,0.000878668,0.014357542,0.191656888,0.296420664,5.806615353,0.006660689,229.6875,2.477884769,22527536,0.158382252,0.001790365
2482,Roland TR-808,ki,/Users/jshier/Development/School/jcura/audio/drum_machines/Roland TR-808/kit_01/kick/BD0010.WAV,-734.6940918,140.818161,37.55806351,32.0516243,19.56715202,15.57010937,11.04397297,8.415718079,4.998978138,3.366662979,0.824987411,0.245141983,-0.630399704,0.013817254,-25.05897114,-2.341242552,0.559111416,236.189621,2.666666746,14.90806484,-5.20E-08,0.198313296,0.000331687,0.179813638,0.00149265,0.020050067,0.189987227,0.430882126,5.129191875,0.011339836,208.1542969,2.357743025,23613648,0.477786154,0.001790365
2483,Roland TR-808,ki,/Users/jshier/Development/School/jcura/audio/drum_machines/Roland TR-808/kit_01/kick/BD0025.WAV,-756.2765503,135.4880524,39.99534225,30.05053139,19.44583893,16.06446457,10.21519947,8.988791466,4.996305466,3.304693222,1.236425996,0.203008011,-0.453073502,0.013711175,-25.64984415,-2.352182627,0.565266013,227.248642,4.666666508,14.54557514,-3.60E-08,0.137271211,0.000215322,0.122578502,0.000975485,0.015873594,0.18784672,0.363974422,7.198595524,0.009482005,215.3320313,2.646772146,21624560,0.388010621,0.001790365
2484,Roland TR-808,ki,/Users/jshier/Development/School/jcura/audio/drum_machines/Roland TR-808/kit_01/kick/BD0050.WAV,-741.3779297,139.4306183,38.25129318,31.30978966,19.79280663,15.49778748,10.89584351,8.659975052,4.821951389,3.53097415,0.831497192,0.232814789,-0.495569229,0.013771526,-25.23549488,-2.345585585,0.560681522,233.3154907,3.666666746,14.81939602,-4.63E-08,0.176580742,0.000284317,0.159597293,0.001282079,0.018426953,0.18929337,0.406564564,5.504046917,0.010726077,208.1542969,2.415917158,23145962,0.448599726,0.001790365
2485,Roland TR-808,ki,/Users/jshier/Development/School/jcura/audio/drum_machines/Roland TR-808/kit_01/kick/BD0075.WAV,-736.9936523,140.3895416,37.76348495,31.80291748,19.66458893,15.51137066,11.02696514,8.474986076,4.947861195,3.433896303,0.799032211,0.272425324,-0.605831146,0.013804316,-25.1422024,-2.343408585,0.559420705,235.3269196,2.666666746,14.88261509,-4.99E-08,0.190281764,0.000314311,0.172397092,0.001415546,0.019394794,0.189737007,0.422042221,5.24565649,0.011116266,208.1542969,2.375879526,23469656,0.467391521,0.001790365
2486,Roland TR-808,ki,/Users/jshier/Development/School/jcura/audio/drum_machines/Roland TR-808/kit_01/kick/BD1000.WAV,-789.8586426,119.8006058,39.21585464,28.81851768,15.29630566,16.25807762,12.07286072,7.023751736,4.892935276,5.655410767,0.05852,0.495932251,1.255417466,0.013624192,-24.99664028,-2.339087248,0.596893728,239.956955,4.333333492,12.24859333,-2.45E-08,0.09411376,0.000357603,0.071691073,0.002162899,0.023011604,0.184499428,0.34902665,5.43907547,0.007667433,236.8652344,2.406336784,22861166,0.171355084,0.001790365
2487,Roland TR-808,ki,/Users/jshier/Development/School/jcura/audio/drum_machines/Roland TR-808/kit_01/kick/BD1010.WAV,-702.7669067,137.8990936,30.96473122,27.90620422,19.38392067,14.71080303,8.524852753,9.679793358,3.527896166,3.515444994,0.945134461,-0.073838554,-0.43678093,0.013779786,-23.40017908,-2.332684755,0.594710171,248.9158478,13.66666698,13.71176147,-6.47E-08,0.247235358,0.000647979,0.213483095,0.003573273,0.0348018,0.163552076,0.496268511,5.524093151,0.01269725,229.6875,2.403904676,22825242,0.489193588,0.001790365
2488,Roland TR-808,ki,/Users/jshier/Development/School/jcura/audio/drum_machines/Roland TR-808/kit_01/kick/BD1025.WAV,-728.0084839,134.7907715,35.16382217,25.1184082,18.61088753,16.72237968,8.186187744,8.171849251,6.270545959,1.446761489,2.113899231,-0.190118149,-0.494565338,0.013703885,-23.90639158,-2.339087248,0.595417082,244.8870239,9.666666985,13.41298389,-4.68E-08,0.178897321,0.000504468,0.150472015,0.002866007,0.029356943,0.167651221,0.434840441,5.334054947,0.010824557,222.5097656,2.382984161,23015498,0.391430527,0.001790365
2489,Roland TR-808,ki,/Users/jshier/Development/School/jcura/audio/drum_machines/Roland TR-808/kit_01/kick/BD1050.WAV,-708.6751099,137.5175629,31.73692322,27.21878052,19.36805153,15.21962261,8.177707672,9.715462685,3.907189608,3.075064898,1.323336959,-0.269947052,-0.303976059,0.013775,-23.53213702,-2.332684755,0.594323575,247.7932892,12.33333302,13.65809727,-5.99E-08,0.229203716,0.000600431,0.197040156,0.003362009,0.033130385,0.164499536,0.480383635,5.495288849,0.012238038,229.6875,2.40159297,22841866,0.469325811,0.001790365
2490,Roland TR-808,ki,/Users/jshier/Development/School/jcura/audio/drum_machines/Roland TR-808/kit_01/kick/BD1075.WAV,-705.0488281,137.6769409,31.20188904,27.76291466,19.54179382,14.66732121,8.576185226,9.722565651,3.505641937,3.574900866,0.892124176,-0.017564774,-0.467156738,0.013779886,-23.44113265,-2.332684755,0.594136178,248.1585236,14.33333302,13.7061348,-6.29E-08,0.240444317,0.000627667,0.207386807,0.003480084,0.034064621,0.163983956,0.490181714,5.539541245,0.012526923,229.6875,2.406669378,22805830,0.481948823,0.001790365
2491,Roland TR-808,ki,/Users/jshier/Development/School/jcura/audio/drum_machines/Roland TR-808/kit_01/kick/BD2500.WAV,-802.3410034,117.0988083,39.38217163,32.08126831,17.91467476,15.114501,10.19840527,8.853474617,5.459194183,3.779092073,1.377559662,0.761960328,0.374962479,0.013705237,-26.4444863,-2.330571413,0.588895261,226.7359619,2,12.50063801,-1.96E-08,0.074977227,0.000234169,0.059464213,0.001077095,0.01624098,0.189134523,0.308261842,5.323029041,0.006881705,229.6875,2.393749952,23168842,0.162560508,0.001790365
2492,Roland TR-808,ki,/Users/jshier/Development/School/jcura/audio/drum_machines/Roland TR-808/kit_01/kick/BD2510.WAV,-729.6246948,140.3610077,36.9478302,31.81490517,19.27651787,15.43817234,10.95012379,8.321360588,4.998008251,3.300732851,0.839913666,0.224084854,-0.652100265,0.013791833,-24.66632799,-2.343408585,0.56321007,235.576004,4.666666508,14.79461765,-5.46E-08,0.208228096,0.000362211,0.187931284,0.001628478,0.021994097,0.186764345,0.442167282,5.690619946,0.011626632,208.1542969,2.441334963,22975066,0.487394094,0.001790365
2493,Roland TR-808,ki,/Users/jshier/Development/School/jcura/audio/drum_machines/Roland TR-808/kit_01/kick/BD2525.WAV,-746.2665405,133.2663727,38.47499466,28.622015,18.30969048,15.37178135,9.641942024,8.570149422,4.823216915,3.17820096,1.183722138,0.265348434,-0.441293091,0.013785954,-25.28211093,-2.332684755,0.584423482,228.6986084,5.666666508,13.81009293,-3.74E-08,0.142765597,0.000310603,0.123462223,0.001403448,0.020433817,0.176591575,0.382751673,8.373333931,0.009670292,222.5097656,2.790450096,20885702,0.368210286,0.001790365
2494,Roland TR-808,ki,/Users/jshier/Development/School/jcura/audio/drum_machines/Roland TR-808/kit_01/kick/BD2550.WAV,-733.9026489,139.259903,37.32186508,31.15153503,19.43029976,15.2713747,10.85626507,8.454728127,4.839825153,3.46758008,0.783721268,0.278404862,-0.577951431,0.013766188,-24.79121624,-2.345585585,0.565391302,233.2360382,3.666666746,14.69569302,-5.02E-08,0.191411793,0.000330476,0.172101632,0.001486859,0.020903416,0.185467288,0.424475223,6.415421009,0.011166357,208.1542969,2.54151082,22296528,0.464824945,0.001790365
2495,Roland TR-808,ki,/Users/jshier/Development/School/jcura/audio/drum_machines/Roland TR-808/kit_01/kick/BD2575.WAV,-731.8201294,140.0394745,37.18403244,31.63480186,19.38090324,15.40440369,10.94998169,8.382349968,4.946791172,3.373839617,0.806191146,0.251878738,-0.634329498,0.013777964,-24.7177127,-2.345585585,0.563260794,234.600296,4.333333492,14.78046036,-5.28E-08,0.201308355,0.000345424,0.181578636,0.001553268,0.021405192,0.186870202,0.43458423,5.759450436,0.011440289,208.1542969,2.452102184,22892088,0.478781968,0.001790365
2496,Roland TR-808,ki,/Users/jshier/Development/School/jcura/audio/drum_machines/Roland TR-808/kit_01/kick/BD5000.WAV,-793.7839966,118.4832764,38.10338211,30.46188927,17.92319298,14.81411266,10.23938656,9.004517555,5.338389874,3.779188156,1.304621339,0.758867264,0.27468428,0.013647147,-25.5095499,-2.339087248,0.593787134,232.172226,3.333333254,12.37827587,-2.25E-08,0.086230218,0.000294091,0.066757075,0.001703841,0.020155555,0.185193121,0.332466215,5.42216444,0.007351198,229.6875,2.412374735,23041078,0.171794713,0.001790365
2497,Roland TR-808,ki,/Users/jshier/Development/School/jcura/audio/drum_machines/Roland TR-808/kit_01/kick/BD5010.WAV,-709.1101685,136.4717255,33.76486206,29.66266823,17.6790657,14.46600628,10.24868107,7.864472866,4.770084858,3.155543089,0.833916366,0.250157684,-0.622275651,0.013838096,-23.87945438,-2.326375246,0.590384781,241.7307587,10,13.86518574,-6.02E-08,0.229948625,0.000611543,0.200288251,0.00267409,0.030960271,0.167056248,0.477047682,5.256319046,0.012236134,229.6875,2.373970032,23297510,0.474149495,0.001790365
2498,Roland TR-808,ki,/Users/jshier/Development/School/jcura/audio/drum_machines/Roland TR-808/kit_01/kick/BD5025.WAV,-733.6618042,133.5163116,35.68375778,27.69399071,17.97385406,14.72669697,9.67586422,8.4522686,4.736343384,3.318342924,1.22469461,0.128084823,-0.472373337,0.013755594,-24.42812077,-2.33480835,0.593967497,239.3605499,10,13.41743374,-4.26E-08,0.163036853,0.000443736,0.137464434,0.002262627,0.026744628,0.169263825,0.416227788,4.998784542,0.01033374,222.5097656,2.34046936,23656152,0.374037147,0.001790365
2499,Roland TR-808,ki,/Users/jshier/Development/School/jcura/audio/drum_machines/Roland TR-808/kit_01/kick/BD5050.WAV,-713.7141724,135.9191742,34.25706482,29.33304405,17.93801308,14.39857578,10.27596855,7.98159647,4.669687271,3.29034996,0.765029252,0.290534347,-0.598632157,0.013819961,-24.0018855,-2.328468323,0.589782238,240.638382,11,13.84492779,-5.63E-08,0.215295792,0.000573654,0.187096,0.002506862,0.029485775,0.167614415,0.462545544,5.260975838,0.011852278,222.5097656,2.374989271,23279786,0.45790568,0.001790365
2500,Roland TR-808,ki,/Users/jshier/Development/School/jcura/audio/drum_machines/Roland TR-808/kit_01/kick/BD5075.WAV,-710.9475098,136.1292725,33.91658401,29.44811058,17.76116943,14.39484406,10.24265194,7.90492487,4.71194315,3.221474409,0.794477463,0.276141495,-0.616612136,0.013830947,-23.92429252,-2.326375246,0.590974808,241.7306671,10.66666698,13.8200655,-5.84E-08,0.223072425,0.000601508,0.193803012,0.002632502,0.030539742,0.1668735,0.470865846,5.224660397,0.012059153,229.6875,2.369215727,23335622,0.466106296,0.001790365
2501,Roland TR-808,ki,/Users/jshier/Development/School/jcura/audio/drum_machines/Roland TR-808/kit_01/kick/BD7500.WAV,-791.3759155,119.515625,38.95474625,29.14729881,16.00757027,16.11173439,10.76250458,7.807607174,5.919401646,3.865884066,0.8864066,1.073080063,0.036145527,0.013633178,-25.1813586,-2.336942673,0.596615553,236.2960052,4,12.24388123,-2.38E-08,0.091217943,0.000332152,0.069615625,0.00198856,0.022275858,0.1847471,0.343635947,5.335608959,0.007551809,236.8652344,2.395794868,23158768,0.168873355,0.001790365
2502,Roland TR-808,ki,/Users/jshier/Development/School/jcura/audio/drum_machines/Roland TR-808/kit_01/kick/BD7510.WAV,-704.251709,137.7473907,31.57193947,28.31625938,18.57159233,13.99924755,10.21514606,8.007943153,4.644683838,3.350786924,0.879277527,0.241231278,-0.723195374,0.013821188,-23.59633583,-2.330571413,0.594480932,246.1240692,13.33333302,13.68622684,-6.28E-08,0.240288675,0.000631584,0.207371637,0.003338831,0.034061182,0.164199695,0.491036028,5.237216949,0.012514696,222.5097656,2.373659849,23355616,0.482396394,0.001790365
2503,Roland TR-808,ki,/Users/jshier/Development/School/jcura/audio/drum_machines/Roland TR-808/kit_01/kick/BD7525.WAV,-731.1594849,134.3921661,35.51576614,25.80594826,18.3218708,15.72223186,8.666282654,8.986721992,4.558171749,3.033165693,1.271420836,0.01711146,-0.394969314,0.013714836,-24.10863116,-2.33480835,0.596142828,242.2890625,10.33333302,13.35314178,-4.46E-08,0.170801207,0.000462412,0.143299624,0.002645079,0.028532228,0.168188587,0.426596403,5.108736038,0.010575797,229.6875,2.357549191,23470246,0.371098846,0.001790365
2504,Roland TR-808,ki,/Users/jshier/Development/School/jcura/audio/drum_machines/Roland TR-808/kit_01/kick/BD7550.WAV,-710.9247437,136.6616669,32.11781311,28.57113647,18.8248806,13.80686188,10.52284527,7.899372101,4.635877132,3.305891037,0.722259521,0.286280304,-0.60334903,0.013785273,-23.72051074,-2.330571413,0.593218446,243.9844513,12,13.69550991,-5.77E-08,0.220682666,0.000585491,0.190115094,0.003042639,0.031635955,0.165095612,0.47093913,5.405958652,0.012008113,222.5097656,2.40037179,23111968,0.461036921,0.001790365
2505,Roland TR-808,ki,/Users/jshier/Development/School/jcura/audio/drum_machines/Roland TR-808/kit_01/kick/BD7575.WAV,-706.8737183,136.7904053,31.57920837,29.61666298,18.22020721,14.09274292,10.54572296,7.728644848,4.830142975,3.112135649,0.836422622,0.219811752,-0.618010223,0.013796291,-23.6153617,-2.330571413,0.592371881,243.9665527,12.33333302,13.77195644,-6.11E-08,0.233581543,0.000630808,0.202167705,0.003124772,0.032523185,0.164725825,0.482244641,5.518745422,0.012344127,229.6875,2.41644311,22981786,0.47603488,0.001790365
2531,Roland TR-808,ki,/Users/jshier/Development/School/jcura/audio/drum_machines/Roland TR-808/kit_02/kick/BD0.WAV,-830.9417114,119.2030563,41.97385788,34.83636093,19.98900604,16.27068138,10.6040926,8.988388062,5.616162777,3.920759201,1.552150726,0.902608216,0.615235031,0.013593542,-27.47364076,-2.36113739,0.582369626,225.4729462,2.666666746,13.5870018,-1.63E-08,0.062209014,6.44E-05,0.053353712,0.00030243,0.009463599,0.206874847,0.268953323,5.540323734,0.006140369,222.5097656,2.432488918,22900918,0.156504527,0.001302083
2532,Roland TR-808,ki,/Users/jshier/Development/School/jcura/audio/drum_machines/Roland TR-808/kit_02/kick/BD1.WAV,-784.4331055,135.7260895,43.21192551,31.21398354,19.40977669,16.79384422,10.22379017,8.428905487,5.086410046,3.305973053,1.139820099,0.564980209,-0.183603287,0.013604552,-27.73581441,-2.363405228,0.58625108,248.6237793,1.666666627,14.34835052,-2.57E-08,0.097970985,0.000117839,0.087769538,0.000535027,0.010027662,0.198305607,0.294216603,4.718412876,0.008009247,222.5097656,2.288539171,24212138,0.323709488,0.001302083
2533,Roland TR-808,ki,/Users/jshier/Development/School/jcura/audio/drum_machines/Roland TR-808/kit_02/kick/BD2.WAV,-777.7590942,137.4347687,42.4127655,31.03556824,19.77697372,16.51025772,10.03761196,8.594887733,4.983000278,3.173440933,1.220190048,0.527828872,-0.261204392,0.013628317,-27.7354273,-2.36113739,0.587234735,255.5296631,1.666666627,14.38384628,-2.81E-08,0.106918938,0.000140096,0.095949389,0.000633322,0.010567069,0.197300076,0.304504752,4.716939926,0.008369097,215.3320313,2.285493612,24265498,0.340468973,0.001302083
2534,Roland TR-808,ki,/Users/jshier/Development/School/jcura/audio/drum_machines/Roland TR-808/kit_02/kick/BD3.WAV,-776.3881836,138.1826172,42.2815361,31.10248756,19.93952751,16.40843773,10.05857944,8.671014786,4.859719753,3.194436312,1.237446427,0.431763977,-0.217940643,0.01363461,-27.73654217,-2.363405228,0.586720467,257.8905334,1.666666627,14.41969585,-2.88E-08,0.109909035,0.000146673,0.098751463,0.000663032,0.010701783,0.19788909,0.307986885,4.643569469,0.008483828,215.3320313,2.272461176,24388754,0.346160769,0.001302083
2535,Roland TR-808,ki,/Users/jshier/Development/School/jcura/audio/drum_machines/Roland TR-808/kit_02/kick/BD4.WAV,-819.0571289,111.7893906,39.09728622,33.34921646,18.68014717,15.62056828,9.653988838,8.348614693,5.029022217,3.75087738,1.368430495,1.054403901,0.535937607,0.01368507,-27.09336679,-2.341242552,0.607284307,228.5946503,3.333333254,12.59618282,-1.55E-08,0.059383512,0.000192781,0.046977893,0.000690328,0.013583604,0.187379047,0.272009641,6.523773193,0.005953321,236.8652344,2.561984301,21593922,0.136970609,0.001302083
2536,Roland TR-808,ki,/Users/jshier/Development/School/jcura/audio/drum_machines/Roland TR-808/kit_02/kick/BD5.WAV,-779.3640747,132.9098969,41.98244095,30.10094643,18.24207497,16.23159218,9.893900871,7.988516331,4.85503149,3.265931368,0.955786407,0.423670441,-0.184864044,0.013609423,-27.47099124,-2.363405228,0.601762831,248.633667,3.333333254,13.90067387,-2.36E-08,0.090018369,0.000132463,0.07882046,0.000604741,0.011303184,0.186679304,0.287487119,6.822030544,0.007674883,222.5097656,2.59080863,21940930,0.287464947,0.001302083
2537,Roland TR-808,ki,/Users/jshier/Development/School/jcura/audio/drum_machines/Roland TR-808/kit_02/kick/BD6.WAV,-774.96875,133.9734955,41.42137146,29.86893654,18.49794579,16.06096458,9.676630974,8.090782166,4.849536419,3.10483098,1.029150009,0.492219925,-0.280604035,0.013614903,-27.48136985,-2.36113739,0.603045523,253.3652802,2.666666746,13.901721,-2.49E-08,0.094969191,0.000144828,0.08330258,0.000659967,0.011608422,0.185657129,0.293274641,7.002213955,0.007887565,222.5097656,2.611490011,21867088,0.296925008,0.001302083
2538,Roland TR-808,ki,/Users/jshier/Development/School/jcura/audio/drum_machines/Roland TR-808/kit_02/kick/BD7.WAV,-773.9522095,134.8175812,41.33347702,29.97013855,18.69382858,16.07780266,9.647221565,8.217196465,4.815504074,3.058193922,1.052487731,0.471636444,-0.331374496,0.013607291,-27.49271456,-2.363405228,0.601457953,252.6372833,2.666666746,13.97663593,-2.55E-08,0.097423069,0.00014748,0.085761674,0.000673047,0.011559758,0.186644927,0.295347035,6.175257206,0.007989509,222.5097656,2.506973982,22471904,0.318936259,0.001302083
2539,Roland TR-808,ki,/Users/jshier/Development/School/jcura/audio/drum_machines/Roland TR-808/kit_02/kick/BD8.WAV,-793.5314941,155.6330566,49.52275467,35.93004227,23.76981354,18.03895378,12.16675186,10.87974072,6.497112274,5.653526306,4.471637249,4.86711359,5.226619244,0.015815232,-25.79742998,-1.287457228,0.442679077,399.2705383,4.666666508,14.88871479,-1.53E-07,0.579270184,6.63E-05,0.524028003,0.000360745,0.008256807,0.298182666,0.718862951,2.0504179,0.019364007,193.7988281,1.725449681,30221930,0.228309676,0.001139323
2540,Roland TR-808,ki,/Users/jshier/Development/School/jcura/audio/drum_machines/Roland TR-808/kit_02/kick/BD9.WAV,-654.7107544,141.2016602,33.47312546,31.3224411,15.54998875,13.64135647,7.750351429,8.117495537,5.634239674,4.808161259,2.455361605,2.884756088,2.180736542,0.015494274,-22.67366333,-1.583740711,0.573330283,361.5218201,19.66666603,14.28583908,-2.33E-07,0.887069941,0.001648923,0.782624424,0.007215757,0.083621174,0.178143263,0.880400598,4.719640255,0.024097726,236.8652344,2.278253794,24222998,0.831592262,0.001302083
2547,Roland TR-808,ki,/Users/jshier/Development/School/jcura/audio/drum_machines/Roland TR-808/kit_03/kick/kick1.wav,-806.5532227,165.0568695,53.82947922,37.59193039,24.40438271,20.07001686,12.86845398,10.68621826,6.089831829,3.727615356,1.309350967,0.311909348,-0.390965134,0.013712194,-19.53561964,-2.363405228,0.558681011,224.3286285,3.666666746,12.54855442,-1.20E-07,0.458215386,3.51E-05,0.395640165,0.000252673,0.054988671,0.302698404,0.772508204,4.944564342,0.017294308,208.1542969,2.327056646,23906986,0.316597015,0.001790365
2548,Roland TR-808,ki,/Users/jshier/Development/School/jcura/audio/drum_machines/Roland TR-808/kit_03/kick/kick2.wav,-701.7692261,147.8781128,39.60208893,36.46879578,19.83514977,17.65679741,10.83995533,9.206788063,4.697860718,3.226716995,0.319100052,-0.38651213,-1.31193161,0.013705531,-21.17002712,-2.377266884,0.562959373,233.0382538,4,14.52580261,-1.30E-07,0.497360975,0.000700473,0.452475905,0.003140291,0.050272454,0.212484956,0.716768086,4.548309326,0.017909661,200.9765625,2.25751996,24497862,0.716193855,0.001790365
2550,Roland TR-808,ki,/Users/jshier/Development/School/jcura/audio/drum_machines/Roland TR-808/kit_04/kick/K.wav,-704.612793,144.0854034,37.30634689,34.70866776,19.03777885,17.15425301,11.09662151,9.545975685,5.142056942,3.683788061,0.641485214,-0.592285812,-1.122392654,0.013833922,-21.28411794,-2.33480835,0.576395571,227.0619659,6.333333492,14.22768688,-1.07E-07,0.406750441,0.00055986,0.364311963,0.00252412,0.048700657,0.198788837,0.632699549,4.94698143,0.016332403,200.9765625,2.328374624,23927102,0.637508988,0.001302083
2552,Roland TR-808,ki,/Users/jshier/Development/School/jcura/audio/drum_machines/Roland TR-808/kit_05/kick/Bassdrum-01.wav,-769.1101074,159.3226624,50.93667984,35.86531448,23.3098526,18.92796516,12.40632725,10.62048244,5.946678638,3.866888046,1.778455734,0.995033264,0.094165169,0.014520463,-20.327172,-1.940288067,0.531576097,239.2676544,13.66666698,13.02909565,-1.88E-07,0.717244208,0.000686794,0.624831855,0.003056684,0.062196385,0.279555291,0.956335604,4.073078156,0.021594947,222.5097656,2.1698668,25429158,0.458482027,0.001302083
2553,Roland TR-808,ki,/Users/jshier/Development/School/jcura/audio/drum_machines/Roland TR-808/kit_05/kick/Bassdrum-02.wav,-738.8629761,136.812912,41.26665115,32.01991272,21.25164604,17.4761982,11.73655987,10.22425175,5.750664234,3.907841444,1.611580491,0.452164978,0.079624176,0.013799384,-22.32893989,-2.303994417,0.566946507,201.800293,12,12.30056,-1.04E-07,0.396521568,0.000570009,0.330348223,0.002608058,0.047895133,0.218343437,0.6926319,6.05403471,0.016084461,200.9765625,2.511698008,22293918,0.186395213,0.001139323
2554,Roland TR-808,ki,/Users/jshier/Development/School/jcura/audio/drum_machines/Roland TR-808/kit_05/kick/Bassdrum-03.wav,-794.0222778,120.9189529,41.41412354,33.36592484,20.16383171,17.44648552,11.74021816,10.27037525,6.038832188,4.091562271,1.47683084,1.004683852,0.853050888,0.013708632,-21.55296359,-2.309984922,0.574565649,217.8270111,3.333333254,11.42776012,-5.61E-08,0.215374634,0.000824876,0.157927603,0.004492443,0.060930584,0.223565176,0.549129188,9.1929636,0.011259679,215.3320313,2.855433702,20906936,0.125483021,0.001139323
2555,Roland TR-808,ki,/Users/jshier/Development/School/jcura/audio/drum_machines/Roland TR-808/kit_05/kick/Bassdrum-04.wav,-741.3818359,135.4904327,40.2195282,30.22575378,21.55511475,18.42746544,10.35629082,10.95851135,5.71490097,3.650564909,1.931458116,0.357419342,0.280258179,0.013736115,-21.90613764,-2.307978868,0.574390233,213.9457245,10.33333302,11.92573643,-9.72E-08,0.370569795,0.000702717,0.300998271,0.003978665,0.053093821,0.21505177,0.680041313,4.826858997,0.015560151,200.9765625,2.320379972,23687870,0.165409401,0.001139323
2556,Roland TR-808,ki,/Users/jshier/Development/School/jcura/audio/drum_machines/Roland TR-808/kit_05/kick/Bassdrum-05.wav,-753.0348511,133.8542023,42.99416733,32.14775085,20.62712288,18.11851692,11.78651905,9.963990211,6.185369492,4.02399826,1.565202713,0.799714386,0.241507843,0.013796186,-22.22442259,-2.303994417,0.56758076,200.6763916,10.33333302,12.172925,-8.86E-08,0.337873131,0.000583646,0.278047174,0.002679094,0.049462255,0.221769869,0.647076428,6.16167593,0.014848613,200.9765625,2.537890196,21986426,0.166459665,0.001139323
2558,Roland TR-808,ki,/Users/jshier/Development/School/jcura/audio/drum_machines/Roland TR-808/kit_07/kick/bd01.wav,-796.8642578,120.8452072,41.50712204,32.86016846,19.21095848,18.53270531,12.6010704,8.843859673,6.509296894,4.972884655,0.420996994,1.711795211,0.731227875,0.013684335,-21.55653251,-2.312000036,0.575250387,223.0911407,5,11.36087704,-5.48E-08,0.210479751,0.000873553,0.153225094,0.00477369,0.060274493,0.224771142,0.543754756,9.610713959,0.011115212,222.5097656,2.886839628,20782374,0.123727672,0.001139323
2559,Roland TR-808,ki,/Users/jshier/Development/School/jcura/audio/drum_machines/Roland TR-808/kit_07/kick/bd02.wav,-756.3725586,132.4116821,41.96094131,30.56105995,20.69467354,19.15095711,10.67462158,10.2327528,6.663890839,3.492173433,2.077014208,0.519835174,0.824399948,0.013725631,-21.76978988,-2.309984922,0.574795485,213.0085907,8.333333015,11.80252171,-8.34E-08,0.318566173,0.000738882,0.254279494,0.004171622,0.054998863,0.219423071,0.638788998,5.303429127,0.014389523,208.1542969,2.39645648,23062682,0.160430387,0.001139323
2560,Roland TR-808,ki,/Users/jshier/Development/School/jcura/audio/drum_machines/Roland TR-808/kit_07/kick/bd03.wav,-747.7663574,134.2694244,41.06756973,30.27175331,21.15872955,18.83475494,10.44250774,10.68283749,6.092498302,3.548350573,2.083608627,0.411170959,0.440092713,0.013732085,-21.85574022,-2.307978868,0.574594021,213.3261108,9.333333015,11.87573719,-9.09E-08,0.346947312,0.000714303,0.279949963,0.004045919,0.053775508,0.216912866,0.661273718,5.002186298,0.015051191,200.9765625,2.349402905,23438570,0.163308591,0.001139323
2561,Roland TR-808,ki,/Users/jshier/Development/School/jcura/audio/drum_machines/Roland TR-808/kit_07/kick/bd04.wav,-744.0664063,134.9881592,40.65692139,30.15341759,21.27282143,18.70700836,10.40124226,10.67849445,6.070359707,3.425239325,2.101008654,0.323987961,0.364775985,0.013735571,-21.88289357,-2.307978868,0.574710131,213.9741669,9.666666985,11.89645767,-9.43E-08,0.35964632,0.00071135,0.291176409,0.004014704,0.053610798,0.215736613,0.6716699,4.868495464,0.015328917,200.9765625,2.327297449,23634210,0.164325789,0.001139323
2562,Roland TR-808,ki,/Users/jshier/Development/School/jcura/audio/drum_machines/Roland TR-808/kit_07/kick/bd05.wav,-741.4049683,135.4879303,40.21904373,30.22754478,21.55505562,18.42545128,10.35849857,10.95812225,5.713953018,3.650993109,1.932147384,0.356875747,0.280689865,0.013736102,-21.9073378,-2.307978868,0.574385643,213.9228516,10.33333302,11.92599964,-9.71E-08,0.370410323,0.000702529,0.300872535,0.003977482,0.053076342,0.215053737,0.679903805,4.826300144,0.015556802,200.9765625,2.320281744,23691162,0.165374994,0.001139323
2563,Roland TR-808,ki,/Users/jshier/Development/School/jcura/audio/drum_machines/Roland TR-808/kit_07/kick/bd06.wav,-794.1067505,120.9099655,41.4135704,33.37244034,20.17075348,17.44717407,11.73801899,10.26993179,6.040565491,4.095336914,1.479808807,1.007403731,0.854163468,0.013708646,-21.55475832,-2.309984922,0.574550509,217.8453979,3.333333254,11.42960835,-5.61E-08,0.215221941,0.000824659,0.157810286,0.004491726,0.060909387,0.223605767,0.54895097,9.187500954,0.011255138,215.3320313,2.854889154,20908940,0.125444815,0.001139323
2564,Roland TR-808,ki,/Users/jshier/Development/School/jcura/audio/drum_machines/Roland TR-808/kit_07/kick/bd07.wav,-753.5535278,132.3931122,41.91388321,31.64991188,20.20590019,17.88732719,11.82292652,9.743645668,6.256067276,4.097171783,1.434993744,0.806793213,0.455580384,0.013751366,-21.84449654,-2.305982113,0.574730217,210.1849518,11,11.85822201,-8.46E-08,0.322880417,0.000735956,0.258907497,0.003774648,0.055147368,0.217978656,0.641697764,5.177062511,0.014492965,208.1542969,2.379417181,23279262,0.16109325,0.001139323
2565,Roland TR-808,ki,/Users/jshier/Development/School/jcura/audio/drum_machines/Roland TR-808/kit_07/kick/bd08.wav,-744.8418579,134.1481476,41.08462143,31.48771667,20.47780037,17.70518684,11.68401814,9.926761627,6.008050919,3.895680666,1.572277069,0.671092331,0.109669365,0.013756924,-21.92973663,-2.305982113,0.574406683,210.6499176,12,11.93777752,-9.25E-08,0.353012532,0.000727779,0.286232442,0.003642523,0.053778663,0.215686604,0.665231407,4.904912472,0.015185307,200.9765625,2.336044073,23634200,0.164225146,0.001139323
2566,Roland TR-808,ki,/Users/jshier/Development/School/jcura/audio/drum_machines/Roland TR-808/kit_07/kick/bd09.wav,-741.6125488,134.7317505,40.72806168,31.46337318,20.60407066,17.6092701,11.61513996,10.00861073,5.939138889,3.846820116,1.570054412,0.619313538,0.063344322,0.013758597,-21.96130851,-2.305982113,0.574224174,210.8746338,12.66666698,11.96807861,-9.58E-08,0.365332812,0.000726764,0.297324866,0.003596908,0.053275693,0.214819506,0.674796879,4.825297832,0.015450778,200.9765625,2.322740793,23745670,0.165348008,0.001139323
2567,Roland TR-808,ki,/Users/jshier/Development/School/jcura/audio/drum_machines/Roland TR-808/kit_07/kick/bd10.wav,-738.7770386,135.2036285,40.40732193,31.44132042,20.72001076,17.49966812,11.56724834,10.07922459,5.858430862,3.819527864,1.567617416,0.547122955,0.024358114,0.013759889,-21.97989589,-2.305982113,0.574131846,211.0479736,13,11.9933424,-9.87E-08,0.376517802,0.000728555,0.30730018,0.003573784,0.052993339,0.214026049,0.6835742,4.756261349,0.015684327,200.9765625,2.310826063,23851712,0.166337013,0.001139323
2568,Roland TR-808,ki,/Users/jshier/Development/School/jcura/audio/drum_machines/Roland TR-808/kit_07/kick/bd11.wav,-789.1771851,122.2524185,42.82830429,34.31980896,20.01490784,17.45000076,12.30608368,10.15207577,5.992600918,4.044541836,1.650837541,1.036511064,0.667801559,0.013770452,-21.66737111,-2.303994417,0.568556845,206.5762177,1.333333373,11.73178196,-6.09E-08,0.233378828,0.000744248,0.178318143,0.00344584,0.059129056,0.225437239,0.566486418,9.004493713,0.011820335,208.1542969,2.86558938,20496342,0.140312627,0.001139323
2569,Roland TR-808,ki,/Users/jshier/Development/School/jcura/audio/drum_machines/Roland TR-808/kit_07/kick/bd12.wav,-753.0569458,133.8485107,42.99695969,32.14940262,20.62333107,18.12120819,11.78747463,9.960780144,6.187400818,4.025005341,1.562786102,0.800650895,0.243642166,0.013796165,-22.22595016,-2.303994417,0.567575216,200.6273651,10.33333302,12.17322826,-8.86E-08,0.337725878,0.000583516,0.277928919,0.002678373,0.049446505,0.221770108,0.646944284,6.166224003,0.014845363,200.9765625,2.538709879,21977856,0.166425109,0.001139323
2570,Roland TR-808,ki,/Users/jshier/Development/School/jcura/audio/drum_machines/Roland TR-808/kit_07/kick/bd13.wav,-745.5036621,135.562973,42.13569641,32.00466919,21.00920296,17.85241318,11.71265697,10.12448788,5.996403217,3.912811995,1.621063232,0.669213593,0.100074135,0.013796975,-22.29371647,-2.303994417,0.566979945,200.9195709,11.33333302,12.25131512,-9.67E-08,0.368368626,0.000569836,0.305502921,0.00261012,0.04824191,0.220163777,0.670425236,6.155235291,0.015514248,200.9765625,2.531289101,22094986,0.183936462,0.001139323
2571,Roland TR-808,ki,/Users/jshier/Development/School/jcura/audio/drum_machines/Roland TR-808/kit_07/kick/bd14.wav,-742.4350586,136.2605438,41.77285767,32.00416565,21.17904854,17.69571495,11.71166229,10.20203018,5.891672611,3.885194778,1.644660354,0.575372696,0.077223457,0.013796445,-22.31820455,-2.303994417,0.566603601,201.3145905,11,12.28363323,-1.01E-07,0.382935494,0.000564743,0.318468511,0.002583146,0.04775032,0.219630525,0.681637228,6.20001173,0.015813459,200.9765625,2.534287214,22106882,0.185377181,0.001139323
2572,Roland TR-808,ki,/Users/jshier/Development/School/jcura/audio/drum_machines/Roland TR-808/kit_07/kick/bd15.wav,-738.8857422,136.8098907,41.26889038,32.01749802,21.25406075,17.47533607,11.73654556,10.22352791,5.751817226,3.905925751,1.612251282,0.454205185,0.077824272,0.013799396,-22.33036917,-2.303994417,0.566941917,201.8413239,12,12.30081272,-1.04E-07,0.396351337,0.000569846,0.330210894,0.002607341,0.047879618,0.218344793,0.692492306,6.052427769,0.016081018,200.9765625,2.51132822,22297960,0.186356604,0.001139323
2594,Roland TR-808,ki,/Users/jshier/Development/School/jcura/audio/drum_machines/Roland TR-808/kit_08/kick/BD 1-1.wav,-748.6860962,126.652504,41.1910553,30.17228699,17.157341,15.87569714,10.74922943,8.742478371,5.60638237,4.54838419,2.453740358,1.81572783,1.207193971,0.013794578,-20.53186164,-2.318102598,0.581068933,226.2601166,4.666666508,11.72459698,-8.78E-08,0.335325688,0.000783474,0.269185394,0.003668431,0.060924545,0.200325683,0.66549319,5.866998672,0.014676123,236.8652344,2.484134436,22522442,0.18037957,0.001790365
2595,Roland TR-808,ki,/Users/jshier/Development/School/jcura/audio/drum_machines/Roland TR-808/kit_08/kick/BD 1-2.wav,-699.6508789,141.7336426,35.3757782,32.6496582,18.24920082,16.04505348,10.5589323,8.58182621,5.199403763,3.475408554,1.455734253,0.423437744,-0.138238907,0.013708728,-21.82577792,-2.343408585,0.575888276,240.1171417,8.666666985,14.0655899,-1.08E-07,0.412046283,0.000642792,0.366169333,0.002877756,0.042990193,0.188512281,0.648394644,6.354930878,0.016369732,215.3320313,2.525183678,22501064,0.4535276,0.001790365
2596,Roland TR-808,ki,/Users/jshier/Development/School/jcura/audio/drum_machines/Roland TR-808/kit_08/kick/BD 1-3.wav,-696.8972168,141.8434448,34.97768021,32.78744125,17.94372749,16.18489265,10.36355019,8.739140511,5.045372486,3.546058655,1.404376984,0.436607987,-0.274665207,0.013738738,-22.18669071,-2.345585585,0.576538742,242.7285156,9.333333015,14.14051723,-1.07E-07,0.407298833,0.000679147,0.362599105,0.003041322,0.041959506,0.1868992,0.643118382,6.399292469,0.016236631,215.3320313,2.528927565,22515742,0.450581998,0.001790365
2597,Roland TR-808,ki,/Users/jshier/Development/School/jcura/audio/drum_machines/Roland TR-808/kit_08/kick/BD 2-1.wav,-752.3943481,125.0980835,39.67908096,27.74520874,15.76395893,16.26683235,10.28797054,8.650523186,5.94600153,3.971848249,2.586020231,1.595315337,1.038156509,0.013687124,-20.89281704,-2.324292421,0.592853248,241.5242157,6.666666508,11.38137341,-7.11E-08,0.272361785,0.000882489,0.209250689,0.005339049,0.059293333,0.192039728,0.606632233,5.047751904,0.013159686,244.0429688,2.34388423,23673272,0.149990723,0.001790365
2598,Roland TR-808,ki,/Users/jshier/Development/School/jcura/audio/drum_machines/Roland TR-808/kit_08/kick/BD 2-2.wav,-682.5331421,138.3982239,30.64673805,29.93883324,17.13616371,14.49291325,10.11824703,7.83745575,5.120065689,3.233171701,1.366010666,0.415055603,-0.072415031,0.01373071,-21.10771134,-2.320156097,0.603801727,255.9487915,18,12.96064472,-1.12E-07,0.429206401,0.001060716,0.364181727,0.005406118,0.059624854,0.167386353,0.68461293,4.954191208,0.016734898,236.8652344,2.325113058,23811854,0.423924953,0.001790365
2599,Roland TR-808,ki,/Users/jshier/Development/School/jcura/audio/drum_machines/Roland TR-808/kit_08/kick/BD 2-3.wav,-680.9690552,138.733139,30.32004356,29.97789955,16.87358093,14.48831463,10.00104809,7.890086651,4.867506027,3.234367609,1.455687881,0.466954559,-0.041425705,0.013750451,-21.52984565,-2.318102837,0.605687499,261.0396729,18.66666603,13.01453304,-1.10E-07,0.419046909,0.0010302,0.357399106,0.005247568,0.056093853,0.165939897,0.672751248,4.903224468,0.01650524,236.8652344,2.315024853,23906334,0.419073254,0.001790365
2600,Roland TR-808,ki,/Users/jshier/Development/School/jcura/audio/drum_machines/Roland TR-808/kit_08/kick/BD 3-1.wav,-767.6710815,122.6368179,40.85168076,28.70687866,13.61930847,14.62615299,12.77557755,8.600212097,3.400986433,5.537938595,3.272964478,0.486222595,1.375851274,0.013676979,-22.18647761,-2.320156097,0.597005785,249.4175873,6.333333492,11.21601582,-5.18E-08,0.198702618,0.000648062,0.150219664,0.004059157,0.046190277,0.192352235,0.520834208,5.126014709,0.011221797,258.3984375,2.349214315,23380966,0.127181306,0.002441406
2601,Roland TR-808,ki,/Users/jshier/Development/School/jcura/audio/drum_machines/Roland TR-808/kit_08/kick/BD 3-2.wav,-681.9938965,139.5514526,31.87912941,26.82098389,15.69577694,16.77196312,9.831156731,5.664386272,6.52905035,3.523059845,-0.247462586,2.055674314,-1.059104919,0.013721186,-20.97995961,-2.316058874,0.613056839,267.3565979,13.66666698,12.67071152,-1.13E-07,0.432149291,0.001155565,0.361884385,0.00615003,0.064108923,0.16618304,0.69187355,4.691139221,0.016794834,236.8652344,2.272051573,24091030,0.406326205,0.001790365
2602,Roland TR-808,ki,/Users/jshier/Development/School/jcura/audio/drum_machines/Roland TR-808/kit_08/kick/BD 3-3.wav,-680.3032837,139.8347015,31.51875305,27.11630821,15.24111938,16.80107117,9.914809227,5.698272705,6.49199152,3.42052269,-0.514304459,2.241329908,-1.34545958,0.013730961,-21.32327196,-2.314024925,0.614721954,272.4011536,14.33333302,12.72327137,-1.11E-07,0.424002498,0.001146541,0.356805801,0.005953414,0.06099461,0.164710999,0.681620896,4.777516842,0.016611753,236.8652344,2.282975197,23936096,0.403102785,0.001790365
2647,Roland TR-909,ki,/Users/jshier/Development/School/jcura/audio/drum_machines/Roland TR-909/kit_01/kick/BDRUM1.WAV,-782.1317749,149.7307281,47.82342911,31.71601868,16.14780807,10.64958954,2.329875231,-2.328520536,-6.432532787,-9.901848793,-12.64058208,-10.84726238,-10.85294819,0.015153955,-18.64965152,-1.777560711,0.608324528,491.6137695,5.666666508,14.229352,-3.44E-08,0.132221147,9.91E-05,0.034501161,0.000556717,0.113593556,0.226099715,0.429900169,2.859855413,0.009292576,265.5761719,1.909298301,28154288,0.841918886,0.003092448
2648,Roland TR-909,ki,/Users/jshier/Development/School/jcura/audio/drum_machines/Roland TR-909/kit_01/kick/BDRUM10.WAV,-701.6403198,147.2316437,37.87394714,31.37637329,15.59365368,9.877659798,2.028649092,-3.10020256,-7.660785675,-9.704301834,-11.24542236,-10.92175388,-9.306992531,0.015263564,-13.88591676,-1.775794148,0.60956198,473.8577576,12,14.19841385,-1.09E-07,0.418789983,0.000543007,0.11092671,0.002792558,0.359832734,0.201587796,0.763270855,3.259185076,0.016545789,265.5761719,1.991007805,27262650,1.495823264,0.003092448
2649,Roland TR-909,ki,/Users/jshier/Development/School/jcura/audio/drum_machines/Roland TR-909/kit_01/kick/BDRUM11.WAV,-701.359375,146.6559906,38.13391495,31.76340675,15.71788025,9.938195229,1.737903595,-3.100152969,-7.783004761,-9.793931007,-11.11205673,-10.63584709,-9.589243889,0.015261688,-13.86780395,-1.776382208,0.610508263,477.1263428,11.66666698,14.19078064,-1.09E-07,0.421012044,0.000550896,0.112431139,0.002759101,0.361010343,0.201614365,0.766750753,3.20493412,0.016588803,265.5761719,1.979879022,27360650,1.497565269,0.003092448
2650,Roland TR-909,ki,/Users/jshier/Development/School/jcura/audio/drum_machines/Roland TR-909/kit_01/kick/BDRUM12.WAV,-700.6420288,146.815033,38.09574509,31.85754395,15.12643528,9.619149208,2.307296753,-3.015328169,-7.888383865,-9.693619728,-11.06126404,-10.74904537,-9.642746925,0.01526793,-13.80135822,-1.776382208,0.610648096,479.4534607,11.66666698,14.19186115,-1.11E-07,0.428777218,0.000558593,0.115420081,0.002823101,0.366976619,0.201938197,0.774627924,3.158678293,0.01674048,265.5761719,1.971360803,27447126,1.50946331,0.003092448
2651,Roland TR-909,ki,/Users/jshier/Development/School/jcura/audio/drum_machines/Roland TR-909/kit_01/kick/BDRUM13.WAV,-707.8386841,141.6641693,36.56385803,33.19726944,19.08722115,15.56537342,10.53177547,8.114775658,4.471494198,2.498040915,0.153102875,-1.833712935,-2.925885439,0.014004966,-18.30632977,-2.179055691,0.576890588,220.9475555,11.33333302,12.70125103,-1.08E-07,0.411456198,0.000515143,0.350746065,0.002389926,0.072307803,0.197973073,0.764523566,5.669446468,0.016343828,215.3320313,2.459928751,22613862,0.618527889,0.001953125
2652,Roland TR-909,ki,/Users/jshier/Development/School/jcura/audio/drum_machines/Roland TR-909/kit_01/kick/BDRUM14.WAV,-819.1318359,178.4359131,62.32490158,37.11434937,20.72988319,14.92390156,6.961045742,5.936636448,-0.596885026,-3.573040724,-4.882384777,-5.222793102,-4.22014904,0.01465153,-15.71749508,-1.971417665,0.625935316,266.1091919,4.666666508,10.05290318,-1.05E-07,0.399432927,1.63E-05,0.273464322,0.000243684,0.168521807,0.312202185,0.785043061,3.725527048,0.016132565,244.0429688,2.106669188,26024138,0.708539903,0.002441406
2653,Roland TR-909,ki,/Users/jshier/Development/School/jcura/audio/drum_machines/Roland TR-909/kit_01/kick/BDRUM15.WAV,-706.9018555,142.7540131,37.34933853,34.10746384,19.19054222,15.67279339,10.1384201,7.948676586,4.795156956,2.750724077,-0.037314098,-1.772857666,-2.900674105,0.013998896,-18.1686457,-2.179055691,0.573130369,223.9938507,11,12.80957127,-1.13E-07,0.431965679,0.000507106,0.371786356,0.002288318,0.07401491,0.200954154,0.778199017,5.254360676,0.016752111,215.3320313,2.390029192,23218688,0.639698446,0.001953125
2654,Roland TR-909,ki,/Users/jshier/Development/School/jcura/audio/drum_machines/Roland TR-909/kit_01/kick/BDRUM16.WAV,-835.9973755,191.1216278,62.19155502,37.52087784,17.97807312,15.02968311,7.899272919,6.534509182,-3.449277163,-2.164370298,-4.315010071,-5.291657925,-4.189680576,0.01465806,-15.67312012,-1.970496655,0.62852937,262.9391785,4.333333492,10.03832722,-1.05E-07,0.400203586,7.99E-06,0.273248523,0.000233907,0.169514596,0.329948097,0.785629272,3.810091257,0.016145596,251.2207031,2.125039816,25830386,0.709276497,0.002441406
2655,Roland TR-909,ki,/Users/jshier/Development/School/jcura/audio/drum_machines/Roland TR-909/kit_01/kick/BDRUM17.WAV,-824.7416992,185.8441162,60.49424744,38.09083939,19.18011093,15.05798244,8.639125824,5.532428265,-1.327765822,-3.173075438,-5.498413563,-4.650840282,-4.200950146,0.014666501,-15.5916305,-1.971417665,0.625469506,263.0702209,4.666666508,10.05547619,-1.08E-07,0.411546946,9.67E-06,0.282327384,0.00024761,0.172777399,0.320967913,0.796739638,3.794798613,0.01637367,244.0429688,2.122815371,25858294,0.718685627,0.002441406
2656,Roland TR-909,ki,/Users/jshier/Development/School/jcura/audio/drum_machines/Roland TR-909/kit_01/kick/BDRUM2.WAV,-775.642334,156.7655792,46.50411606,30.10201073,14.44684124,8.180851936,0.10785675,-0.566343963,-8.167277336,-9.514817238,-11.07569408,-10.60385323,-8.601208687,0.015127347,-18.04945883,-1.775206923,0.607808113,416.5315247,6.333333492,14.1935339,-3.92E-08,0.15094234,0.000156442,0.037630897,0.000819961,0.131606475,0.226382896,0.453574091,3.938453913,0.009931511,272.7539063,2.121023893,25988040,0.905430615,0.003092448
2657,Roland TR-909,ki,/Users/jshier/Development/School/jcura/audio/drum_machines/Roland TR-909/kit_01/kick/BDRUM3.WAV,-767.7501831,154.6918488,44.85198975,28.35812378,14.40611267,9.646960258,0.636199951,-1.138136506,-8.081280708,-9.855780602,-12.16669178,-11.21291351,-8.505607605,0.015149613,-17.83983737,-1.774620414,0.607459843,423.7385254,6.666666508,14.1960144,-4.14E-08,0.159267172,0.000170396,0.039997514,0.000940198,0.138715371,0.219898894,0.466786057,3.885313034,0.010199961,272.7539063,2.108719826,26132142,0.928736687,0.003092448
2658,Roland TR-909,ki,/Users/jshier/Development/School/jcura/audio/drum_machines/Roland TR-909/kit_01/kick/BDRUM4.WAV,-728.5285034,132.9441986,36.10050964,27.99077797,17.2222271,12.39267349,6.730260849,5.646060944,1.775930405,0.705191314,-1.037524581,-1.87892282,-2.203578949,0.014147236,-22.34183645,-2.140647888,0.636054695,230.4090118,11.66666698,11.22429752,-4.05E-08,0.155308098,0.000554795,0.114193492,0.002439694,0.048160505,0.165979758,0.472749949,4.717430115,0.010084695,244.0429688,2.299781799,23894426,0.323583692,0.001953125
2659,Roland TR-909,ki,/Users/jshier/Development/School/jcura/audio/drum_machines/Roland TR-909/kit_01/kick/BDRUM5.WAV,-788.3366699,144.8380127,48.81824112,34.34350967,21.14187622,15.65141201,7.598135471,5.984972,0.270710617,-3.077007294,-5.122681618,-6.485332489,-6.167392254,0.014539449,-19.46737308,-1.965010643,0.61633271,268.4243469,5,10.23808765,-4.25E-08,0.162302688,7.46E-05,0.113589287,0.00044029,0.064800322,0.234737739,0.498338133,3.753420115,0.010274732,229.6875,2.119984627,25773522,0.529347718,0.002604167
2660,Roland TR-909,ki,/Users/jshier/Development/School/jcura/audio/drum_machines/Roland TR-909/kit_01/kick/BDRUM6.WAV,-823.6233521,150.4646301,56.45641708,37.37535095,21.01842308,15.78261566,7.430058956,5.172458649,-0.412076324,-3.040258408,-4.976802349,-5.597030163,-4.753057957,0.014536655,-19.99542832,-1.968660235,0.625024557,268.4675598,3.333333254,10.04083061,-3.68E-08,0.140727118,2.91E-05,0.09643513,0.000181668,0.058291454,0.264022261,0.465431839,3.713195086,0.009571516,236.8652344,2.11012435,25923408,0.459340006,0.002604167
2661,Roland TR-909,ki,/Users/jshier/Development/School/jcura/audio/drum_machines/Roland TR-909/kit_01/kick/BDRUM7.WAV,-725.9434204,135.0878906,36.21563721,27.91728783,17.36722374,12.42370319,7.160937786,5.688649654,2.00933075,1.334347367,-0.773798645,-2.086101532,-2.423894167,0.01418736,-21.87699245,-2.143379211,0.629690647,224.0353851,11,11.27470016,-4.56E-08,0.175029382,0.000521422,0.130372286,0.002387586,0.052512754,0.170578077,0.503497124,5.603857517,0.010700981,236.8652344,2.451856375,22613230,0.343314558,0.001953125
2662,Roland TR-909,ki,/Users/jshier/Development/School/jcura/audio/drum_machines/Roland TR-909/kit_01/kick/BDRUM8.WAV,-815.7262573,149.3305054,54.72550964,36.8923912,20.99320412,15.3154726,7.318786144,5.008871078,-0.306332916,-2.793525696,-5.692704678,-5.645884991,-4.652038574,0.014534921,-19.55507394,-1.967744946,0.626567423,264.4989014,3.666666746,10.01590633,-4.01E-08,0.153280765,4.49E-05,0.104941897,0.000284638,0.063532025,0.258770674,0.486271262,3.995538473,0.009986254,244.0429688,2.168083429,25257552,0.478110045,0.002604167
2663,Roland TR-909,ki,/Users/jshier/Development/School/jcura/audio/drum_machines/Roland TR-909/kit_01/kick/BDRUM9.WAV,-723.9199219,134.2801056,35.60368729,28.51791954,17.33718681,12.52047253,7.070207596,5.354340076,2.12849617,1.432043076,-0.977146149,-1.657716751,-2.495046616,0.014162621,-21.82743344,-2.143379211,0.629666865,225.9550781,11.66666698,11.30022717,-4.62E-08,0.177017495,0.000568148,0.132862881,0.002508802,0.051766407,0.168857351,0.504681885,5.676202297,0.010759798,244.0429688,2.462092161,22518626,0.357765347,0.001953125
2693,Roland TR-909,ki,/Users/jshier/Development/School/jcura/audio/drum_machines/Roland TR-909/kit_02/kick/BD0.WAV,-729.6445923,135.489563,33.67726517,26.13802147,16.63107491,12.64993,7.538095951,5.973556519,2.727654696,1.795084,0.01754125,-0.430754334,-1.574237227,0.014164188,-24.67739838,-2.121994495,0.634570539,278.1724854,8.666666985,11.50237656,-2.96E-08,0.113507576,0.00038983,0.093128175,0.001914888,0.025118804,0.152657881,0.364874721,9.162507057,0.008583545,244.0429688,2.808632612,20852610,0.279758483,0.001790365
2694,Roland TR-909,ki,/Users/jshier/Development/School/jcura/audio/drum_machines/Roland TR-909/kit_02/kick/BD1.WAV,-729.7328491,135.3708344,34.19562912,27.79624367,16.86852837,12.24228668,7.938468456,7.146890163,3.465525866,2.650674105,0.434988648,-0.347807556,-1.887471557,0.014134143,-24.43969849,-2.127242804,0.616010249,274.3837891,7.666666508,11.8260622,-3.15E-08,0.120601214,0.000384989,0.101971865,0.001738329,0.023466432,0.156988025,0.373449326,6.680843353,0.008837019,236.8652344,2.546708822,22329926,0.295263767,0.001790365
2695,Roland TR-909,ki,/Users/jshier/Development/School/jcura/audio/drum_machines/Roland TR-909/kit_02/kick/BD2.WAV,-730.5717163,135.243515,35.66965103,27.43852806,15.80239105,10.94035625,6.008998871,5.513458729,2.984305143,2.155693054,-0.736121476,-1.163642883,-1.106222749,0.014373137,-24.47743575,-2.094210148,0.661836684,309.2483521,7.333333492,11.13686085,-3.17E-08,0.121458776,0.000398361,0.096002065,0.001741897,0.031902455,0.153766319,0.385032266,12.0857811,0.00890235,265.5761719,3.110995054,19387818,0.318532556,0.001790365
2696,Roland TR-909,ki,/Users/jshier/Development/School/jcura/audio/drum_machines/Roland TR-909/kit_02/kick/BD3.WAV,-792.1474609,176.5330963,49.74633789,36.55080032,21.01228142,15.29300308,1.722888947,-2.199162245,-10.01429462,-6.818681717,-10.13370323,-7.950824261,-6.725219727,0.015253369,-15.06340285,-1.732748389,0.604530752,331.9432068,4,12.56416416,-9.00E-08,0.344937444,2.90E-05,0.149631366,0.000337344,0.249766469,0.29177466,0.690817535,2.639177799,0.014888629,251.2207031,1.888180137,28288512,1.088711143,0.002604167
2697,Roland TR-909,ki,/Users/jshier/Development/School/jcura/audio/drum_machines/Roland TR-909/kit_02/kick/BD4.WAV,-854.4264526,165.4276428,57.36757278,35.66939926,18.22183609,15.00398922,1.194721818,-1.439612031,-8.303898811,-7.19228363,-10.30810738,-8.87111187,-4.082459927,0.015278367,-20.59382661,-1.73381424,0.60297513,329.7526855,2.666666746,12.55112934,-2.51E-08,0.096207164,7.34E-06,0.041634541,9.02E-05,0.069586739,0.287406415,0.365151018,2.515348673,0.007863569,258.3984375,1.85968864,28648030,0.576429665,0.002604167
2698,Roland TR-909,ki,/Users/jshier/Development/School/jcura/audio/drum_machines/Roland TR-909/kit_02/kick/BD5.WAV,-855.9192505,168.9763336,54.63016891,36.65992737,20.67261124,13.07677937,1.501846313,-3.810401917,-6.995608807,-5.361812592,-9.97091198,-7.992206573,-6.841190338,0.0152514,-20.51796455,-1.734348059,0.607296467,327.65271,2.666666746,12.55864811,-2.56E-08,0.09788093,6.15E-06,0.042094063,8.71E-05,0.071045987,0.289904714,0.367643237,2.586030245,0.007937229,258.3984375,1.877529025,28455162,0.582355857,0.002604167
2707,Roland TR-909,ki,/Users/jshier/Development/School/jcura/audio/drum_machines/Roland TR-909/kit_03/kick/Bassdrum-01.wav,-681.4858398,138.4067383,28.83695793,24.02539253,8.114811897,5.295317173,-1.590389848,-3.982120514,-6.900424957,-6.379171848,-6.960217953,-6.110693455,-5.352109432,0.015219818,-12.99880173,-1.824237227,0.653267801,261.2922974,15.66666698,13.28010559,-1.31E-07,0.50441426,0.000980933,0.13986446,0.004987406,0.423532009,0.162198618,0.813326061,3.842703819,0.01815608,531.1523438,2.143245459,25519942,1.406136513,0.003092448
2708,Roland TR-909,ki,/Users/jshier/Development/School/jcura/audio/drum_machines/Roland TR-909/kit_03/kick/Bassdrum-02.wav,-813.6801758,192.676712,57.17852783,35.66397095,12.01642513,9.230614662,-1.302264571,-1.370742798,-10.03838062,-7.392883301,-7.844907284,-3.577087402,-3.299896955,0.014970337,-14.77718666,-1.75123179,0.671128273,355.8651428,4,12.9557085,-8.15E-08,0.313107282,1.67E-05,0.104313374,0.000606761,0.248448774,0.299357027,0.684881389,2.992205381,0.014306027,294.2871094,1.963937759,27362834,0.859464943,0.003255208
2709,Roland TR-909,ki,/Users/jshier/Development/School/jcura/audio/drum_machines/Roland TR-909/kit_03/kick/Bassdrum-03.wav,-682.5571289,146.5116119,35.16270447,27.50848198,9.548537254,4.050336361,-4.354358196,-8.996562004,-11.59960461,-10.26821423,-7.262905121,-6.372019291,-7.46036005,0.015395151,-12.35092634,-1.761914015,0.707262576,511.2176819,16.33333397,9.670481682,-1.39E-07,0.537048042,0.000991407,0.096006982,0.005281824,0.480135053,0.192695335,0.89729017,4.011440754,0.018725878,308.6425781,2.136839867,25594314,1.153236032,0.00374349
2710,Roland TR-909,ki,/Users/jshier/Development/School/jcura/audio/drum_machines/Roland TR-909/kit_03/kick/Bassdrum-04.wav,-758.9874878,166.3291779,49.8482933,31.61616516,14.6235075,7.238336086,-0.587497711,-3.633410692,-8.363720894,-8.982859612,-9.224386215,-6.758592129,-5.712730885,0.015273951,-13.97027283,-1.783501983,0.632123291,348.8366699,8,13.82247543,-1.00E-07,0.384978503,0.000253024,0.097875156,0.001466509,0.32524994,0.249966875,0.749656498,2.597985268,0.015852297,301.4648438,1.88130331,28365974,1.407026291,0.003255208
2712,Roland TR-909,ki,/Users/jshier/Development/School/jcura/audio/drum_machines/Roland TR-909/kit_04/kick/BT0A0A7.WAV,-693.588562,139.2015228,35.16893387,30.28987122,17.14323425,12.17411804,7.099148273,5.157412052,2.349566698,1.209645629,-1.018371582,-1.861775756,-2.595024824,0.014179806,-17.63347617,-2.153076887,0.622304559,254.1551514,15.33333302,12.09229755,-9.28E-08,0.35615775,0.000985442,0.256880432,0.004382083,0.130102605,0.167207062,0.700200021,8.139110565,0.015092488,229.6875,2.727418661,20896166,0.543931246,0.001790365
2713,Roland TR-909,ki,/Users/jshier/Development/School/jcura/audio/drum_machines/Roland TR-909/kit_04/kick/BT0A0D0.WAV,-710.0673828,142.7366486,38.51183701,31.42362022,17.2393322,12.93446636,8.512778282,6.475744247,4.399048328,2.025059938,-1.659091949,-1.292638779,-2.731328249,0.014030109,-17.75925824,-2.174616575,0.617497444,238.3956299,13,12.53936672,-8.86E-08,0.339220434,0.000549237,0.26255849,0.002666682,0.103897132,0.183111206,0.674672425,6.028328419,0.014746835,222.5097656,2.501197815,21920338,0.592873871,0.001790365
2714,Roland TR-909,ki,/Users/jshier/Development/School/jcura/audio/drum_machines/Roland TR-909/kit_04/kick/BT0A0D3.WAV,-705.1521606,142.2072296,38.12840271,31.05530739,17.10051537,13.29684925,8.278292656,6.14934206,3.461005449,1.987780929,-0.323095948,-1.69882834,-2.543322325,0.014065211,-17.56431259,-2.170222282,0.616192758,235.7394562,12,12.50738239,-9.25E-08,0.354176611,0.000610709,0.272481233,0.002828475,0.11166627,0.179903612,0.688934147,6.655035496,0.015046056,222.5097656,2.59207201,21305146,0.602932215,0.002441406
2715,Roland TR-909,ki,/Users/jshier/Development/School/jcura/audio/drum_machines/Roland TR-909/kit_04/kick/BT0A0DA.WAV,-734.9890747,154.7281952,41.74203491,32.97273636,19.32951164,14.34250927,8.880166054,7.823598862,4.976741791,3.352184296,-1.4894346,-3.087168932,-4.063934326,0.013980059,-17.61222174,-2.189593792,0.607786834,254.9660645,8.333333015,12.8989172,-9.65E-08,0.368658632,0.000253688,0.299881101,0.001608475,0.097633772,0.216621995,0.702563941,4.013303757,0.015375744,208.1542969,2.163384676,25093938,0.683011293,0.001790365
2716,Roland TR-909,ki,/Users/jshier/Development/School/jcura/audio/drum_machines/Roland TR-909/kit_04/kick/BT0AAD0.WAV,-728.1555786,150.4497833,39.01317978,32.59216309,18.9004364,14.55972767,8.637285233,6.786441326,5.163809299,4.44511795,-1.760026336,-2.730652571,-4.128787518,0.013923662,-17.71931746,-2.192652225,0.611612618,282.8526917,10.33333302,12.86728573,-8.96E-08,0.342373163,0.000285424,0.278068721,0.001967736,0.089836724,0.204864904,0.674827039,3.836820602,0.014818847,208.1542969,2.104795218,25062514,0.657281876,0.002441406
2717,Roland TR-909,ki,/Users/jshier/Development/School/jcura/audio/drum_machines/Roland TR-909/kit_04/kick/BT0AADA.WAV,-728.8745117,149.83638,40.38734818,33.31809616,19.24632835,13.77220821,8.068236351,10.57708645,4.752182007,2.665318727,-0.730354965,-2.260696411,-4.591171741,0.013893656,-17.42733785,-2.211469173,0.610949814,271.3193665,9.333333015,12.85049152,-9.52E-08,0.36344707,0.000285322,0.293965876,0.001721908,0.096803658,0.208131313,0.697256744,4.094591141,0.015249047,208.1542969,2.153146505,24741210,0.632456601,0.001790365
2718,Roland TR-909,ki,/Users/jshier/Development/School/jcura/audio/drum_machines/Roland TR-909/kit_04/kick/BT3A0D0.WAV,-741.8973999,168.2071686,42.83900452,32.4586525,17.57248497,12.94447613,7.622169018,4.591687679,5.56505394,1.902557969,-3.067204237,-6.893802643,-3.581767321,0.014171181,-16.2355874,-2.188072443,0.60939616,328.821167,9,10.82771301,-1.07E-07,0.409668475,0.000268351,0.300025851,0.001577024,0.158775792,0.235755265,0.755185604,3.386948347,0.016247122,222.5097656,2.028704166,26773600,0.899182081,0.001953125
2719,Roland TR-909,ki,/Users/jshier/Development/School/jcura/audio/drum_machines/Roland TR-909/kit_04/kick/BT3A0D3.WAV,-733.3198242,159.4116364,43.02927017,35.90620422,17.82735252,12.21589947,8.632156372,8.72592926,2.656393051,0.270198822,-4.733884335,-3.983640671,-4.637218952,0.014188006,-16.11445516,-2.182040453,0.612157762,319.8786316,9,10.9626379,-1.12E-07,0.429115534,0.000252704,0.314950615,0.001607956,0.165059462,0.225999787,0.774981737,3.131579161,0.016645418,215.3320313,1.984459043,27175378,0.753608704,0.001953125
2720,Roland TR-909,ki,/Users/jshier/Development/School/jcura/audio/drum_machines/Roland TR-909/kit_04/kick/BT3A0D7.WAV,-733.5209961,159.9887543,45.12533951,35.47935104,16.08690834,12.92028332,7.902999401,6.998954773,4.614330292,0.88394165,-3.235490084,-7.160783768,-3.904308319,0.014195043,-16.04294663,-2.183540821,0.610976934,320.0578613,8.666666985,10.92080593,-1.13E-07,0.433185458,0.000278351,0.316321522,0.001575411,0.168541744,0.227887392,0.778215826,3.253194094,0.01671508,215.3320313,2.007798433,26951750,0.922898471,0.001953125
2721,Roland TR-909,ki,/Users/jshier/Development/School/jcura/audio/drum_machines/Roland TR-909/kit_04/kick/BT3A0DA.WAV,-734.2891235,159.8497314,43.15044785,35.81350327,18.33620453,12.36864471,9.276483536,8.868605614,2.677241564,-0.496502548,-4.164411545,-5.760273457,-3.628082991,0.014216466,-16.01682956,-2.182040691,0.610728502,318.545929,9.333333015,11.0236063,-1.16E-07,0.441557288,0.000237679,0.323056191,0.001607011,0.171199858,0.228859976,0.78799206,3.105552673,0.016885517,215.3320313,1.979084134,27177442,0.762879908,0.001953125
2722,Roland TR-909,ki,/Users/jshier/Development/School/jcura/audio/drum_machines/Roland TR-909/kit_04/kick/BT3AAD0.WAV,-730.4387817,155.8168335,42.09200668,35.51976013,17.73870277,14.24828339,9.183261871,6.337705612,3.681423187,-1.318402648,-1.535364151,-3.78874898,-8.041457176,0.014159163,-16.09546955,-2.189593792,0.613018692,339.2470703,9.333333015,11.02030659,-1.08E-07,0.412258655,0.000264665,0.301360816,0.001737956,0.160004795,0.221224666,0.760202229,2.966386795,0.016310252,215.3320313,1.934598088,27312728,0.735684574,0.001953125
2723,Roland TR-909,ki,/Users/jshier/Development/School/jcura/audio/drum_machines/Roland TR-909/kit_04/kick/BT3AADA.WAV,-725.3943481,156.6371918,41.599823,33.89019775,16.90440178,13.28397465,8.514521599,9.771564484,4.20766592,-2.314102888,-4.75215435,-1.644028306,-3.920029879,0.014171313,-16.05599069,-2.183540821,0.607202232,332.2207336,10,10.94536591,-1.11E-07,0.425001979,0.000303989,0.313789427,0.001895828,0.161377773,0.218094543,0.770507634,3.17380023,0.016569331,215.3320313,1.977609992,27029966,0.919265449,0.001953125
2724,Roland TR-909,ki,/Users/jshier/Development/School/jcura/audio/drum_machines/Roland TR-909/kit_04/kick/BT7A0D0.WAV,-684.5773315,144.7628937,34.25231934,28.54816628,12.78530502,11.52265644,6.341053486,3.378601074,-1.858004928,-3.178416491,-5.433986187,-5.525062561,-5.159832001,0.014691259,-14.00979986,-1.981680751,0.604887068,364.0974121,13.66666698,10.71945095,-1.33E-07,0.509406984,0.00083147,0.276153833,0.004580906,0.317011744,0.177125618,0.848362982,9.158585548,0.018210657,308.6425781,2.735286951,22642272,1.300719023,0.002604167
2725,Roland TR-909,ki,/Users/jshier/Development/School/jcura/audio/drum_machines/Roland TR-909/kit_04/kick/BT7A0D3.WAV,-680.690918,144.6415253,34.16279602,28.3416996,12.88709736,12.62828445,6.283522129,3.368941545,-1.257241607,-3.595988512,-5.702977657,-6.538670063,-5.878725529,0.014704849,-13.875607,-1.982625961,0.602673769,415.0085144,14.66666698,10.7977438,-1.38E-07,0.529433966,0.000903178,0.286465883,0.004867123,0.328823477,0.177681506,0.8656376,7.170073986,0.018577503,294.2871094,2.526308775,23469466,1.194491744,0.002604167
2726,Roland TR-909,ki,/Users/jshier/Development/School/jcura/audio/drum_machines/Roland TR-909/kit_04/kick/BT7A0D7.WAV,-679.6405029,144.5844116,33.47809982,28.51966858,12.80139446,12.41616726,6.633775711,2.851413012,-1.049945235,-2.998528719,-6.148881435,-6.292250156,-6.279347897,0.014709308,-13.80301126,-1.980737686,0.602371514,400.4119568,15,10.74818897,-1.40E-07,0.536818266,0.000928036,0.291654676,0.005062387,0.332887948,0.17663081,0.871180356,7.696652889,0.018705815,294.2871094,2.584722757,23288630,1.204078674,0.002604167
2727,Roland TR-909,ki,/Users/jshier/Development/School/jcura/audio/drum_machines/Roland TR-909/kit_04/kick/BT7A0DA.WAV,-686.383728,145.5329437,33.65428925,28.04872704,12.90366268,12.61188793,6.752365112,2.771052599,-1.2521559,-2.981459379,-5.455805302,-5.686048985,-5.344569683,0.014701495,-13.8379668,-1.979796648,0.608149946,319.3994141,13.66666698,10.75332642,-1.38E-07,0.528580785,0.000798078,0.290295601,0.00465079,0.326787382,0.178031012,0.862863362,11.70556927,0.018545451,315.8203125,2.972430468,21755056,1.325309157,0.002604167
2728,Roland TR-909,ki,/Users/jshier/Development/School/jcura/audio/drum_machines/Roland TR-909/kit_04/kick/BT7AAD0.WAV,-684.2060547,146.5712128,33.42886734,27.2706356,13.59927273,12.7519455,6.383446217,2.684452772,-0.557144165,-2.675455809,-6.39035368,-6.267912388,-6.090797901,0.014622943,-13.9775836,-1.983573079,0.612531722,399.8311768,14.33333302,10.79554462,-1.31E-07,0.504897058,0.000802046,0.269712389,0.004943442,0.313732028,0.177267358,0.843818367,6.956427097,0.018128483,294.2871094,2.487826586,23373816,1.158567309,0.002604167
2729,Roland TR-909,ki,/Users/jshier/Development/School/jcura/audio/drum_machines/Roland TR-909/kit_04/kick/BT7AADA.WAV,-676.492981,144.6262817,33.42853165,28.50644493,12.61298656,11.79895306,5.906511307,3.176525831,-0.235457733,-2.658782959,-6.246179104,-6.388183117,-6.887002945,0.014704004,-13.71924521,-1.983573079,0.604553699,433.4167786,16,10.81951046,-1.41E-07,0.542270839,0.000968628,0.289890319,0.005255589,0.337781638,0.175736666,0.876722574,7.496462345,0.018799035,294.2871094,2.54750061,22958950,1.205320477,0.002604167
2730,Roland TR-909,ki,/Users/jshier/Development/School/jcura/audio/drum_machines/Roland TR-909/kit_04/kick/BTAA0D0.WAV,-749.2106323,167.931778,43.88116455,31.60500145,18.16320801,11.00660229,4.130136967,0.989322007,-4.943343163,-7.760379314,-9.055630684,-5.493726254,-6.689608097,0.015120394,-12.51261911,-1.845788002,0.62458092,276.383667,11.33333302,12.83906555,-1.52E-07,0.586071312,0.000777759,0.202880859,0.003683291,0.461778373,0.25140667,0.905833006,3.163107157,0.01956716,294.2871094,2.005055428,26988648,1.472964764,0.003255208
2731,Roland TR-909,ki,/Users/jshier/Development/School/jcura/audio/drum_machines/Roland TR-909/kit_04/kick/BTAA0D3.WAV,-725.8518066,155.7106476,43.2021637,33.07756042,18.91117477,13.10660648,5.887937546,0.758784592,-4.429273605,-7.178450108,-9.65844059,-8.052556038,-7.575359344,0.015128581,-12.41710947,-1.845098019,0.611811936,282.0157776,13,12.75322723,-1.59E-07,0.612358391,0.000728883,0.222431287,0.003917783,0.47778973,0.23351045,0.928388119,3.183576584,0.020012338,272.7539063,2.010352373,26884614,1.617855072,0.002604167
2732,Roland TR-909,ki,/Users/jshier/Development/School/jcura/audio/drum_machines/Roland TR-909/kit_04/kick/BTAA0D7.WAV,-724.8549194,155.2302399,42.49158096,33.10519791,19.24464226,13.70167446,5.937791348,0.70190686,-4.868050575,-7.14371109,-8.894114494,-8.24285984,-8.286236763,0.015135718,-12.38423519,-1.84166491,0.612092793,280.3260193,12,12.73581982,-1.61E-07,0.618424118,0.000766502,0.226399258,0.004027916,0.480838031,0.233015358,0.934291303,3.205748558,0.020111499,272.7539063,2.015534163,26844486,1.622968554,0.002604167
2733,Roland TR-909,ki,/Users/jshier/Development/School/jcura/audio/drum_machines/Roland TR-909/kit_04/kick/BTAA0DA.WAV,-748.4780273,169.2164612,43.13006592,32.79936218,17.37655449,12.87268543,5.79019165,1.906509399,-6.114486694,-9.282485008,-8.905083656,-6.780586243,-6.419082642,0.015153497,-12.35809551,-1.842349291,0.622053862,275.9987793,11.66666698,12.82184696,-1.59E-07,0.611865103,0.000813395,0.21653831,0.003975592,0.4793773,0.256199092,0.927555084,3.147485733,0.019996859,287.109375,2.001360893,27005714,1.505087495,0.002604167
2734,Roland TR-909,ki,/Users/jshier/Development/School/jcura/audio/drum_machines/Roland TR-909/kit_04/kick/BTAAAD0.WAV,-736.6230469,161.1317596,44.22087097,30.83748817,18.31008911,13.96117115,5.681551456,1.288179994,-4.391816616,-8.064810753,-10.26090527,-6.486366272,-6.088632107,0.015092625,-12.47939729,-1.84786427,0.623152256,280.8037415,10.66666698,12.85649776,-1.54E-07,0.593581855,0.000626668,0.209700346,0.003844246,0.463960379,0.240416765,0.912246406,3.180404663,0.01969628,279.9316406,2.006945372,26869216,1.58024013,0.002604167
2735,Roland TR-909,ki,/Users/jshier/Development/School/jcura/audio/drum_machines/Roland TR-909/kit_04/kick/BTAAADA.WAV,-736.7119141,160.2125092,43.16637039,34.91168213,19.20746803,11.70725346,4.250631332,1.735478044,-5.311100006,-7.142516613,-7.735364914,-7.942096233,-7.116004944,0.015139604,-12.35222319,-1.837580562,0.621706009,280.7067566,11.66666698,12.83976841,-1.59E-07,0.612252891,0.000807532,0.219272912,0.004024519,0.477227658,0.243678793,0.925827801,3.093693972,0.020004796,287.109375,1.990432382,27179654,1.502702713,0.002604167